x y z
-3.0 -2.9999999999999996 0.9999998874648253
-2.8469387755102042 -2.9999999999999996 0.9999997506723958
-2.693877551020408 -2.9999999999999996 0.9999994701360515
-2.5408163265306123 -2.9999999999999996 0.9999989198842166
-2.3877551020408165 -2.9999999999999996 0.9999978880278523
-2.2346938775510203 -2.9999999999999996 0.999996038880049
-2.0816326530612246 -2.9999999999999996 0.9999928737716487
-1.9285714285714288 -2.9999999999999996 0.9999877025969126
-1.7755102040816328 -2.9999999999999996 0.9999796446292966
-1.6224489795918369 -2.9999999999999996 0.9999676811010598
-1.4693877551020411 -2.9999999999999996 0.9999507794989474
-1.3163265306122451 -2.9999999999999996 0.9999280969293444
-1.1632653061224492 -2.9999999999999996 0.9998992463523942
-1.0102040816326534 -2.9999999999999996 0.999864578989029
-0.8571428571428577 -2.9999999999999996 0.9998254084347102
-0.7040816326530615 -2.9999999999999996 0.9997840901782343
-0.5510204081632657 -2.9999999999999996 0.9997438859095273
-0.39795918367346994 -2.9999999999999996 0.999708588638971
-0.24489795918367374 -2.9999999999999996 0.9996819529150826
-0.09183673469387799 -2.9999999999999996 0.9996670428904074
0.06122448979591777 -2.9999999999999996 0.9996656532550682
0.21428571428571397 -2.9999999999999996 0.9996779540518657
0.3673469387755097 -2.9999999999999996 0.9997024564689497
0.5204081632653055 -2.9999999999999996 0.9997363091141847
0.6734693877551017 -2.9999999999999996 0.9997758433337716
0.8265306122448974 -2.9999999999999996 0.9998172235945718
0.9795918367346932 -2.9999999999999996 0.9998570446087776
1.132653061224489 -2.9999999999999996 0.9998927510922213
1.2857142857142847 -2.9999999999999996 0.9999228213547477
1.4387755102040813 -2.9999999999999996 0.9999467262391046
1.591836734693877 -2.9999999999999996 0.9999647270732364
1.7448979591836729 -2.9999999999999996 0.999977598269438
1.8979591836734686 -2.9999999999999996 0.9999775261279344
2.0510204081632644 -2.9999999999999996 0.9999645178128626
2.20408163265306 -2.9999999999999996 0.9999457264560042
2.357142857142856 -2.9999999999999996 0.999919571253121
2.5102040816326525 -2.9999999999999996 0.9998845271872954
2.6632653061224483 -2.9999999999999996 0.9998393822608892
2.816326530612244 -2.9999999999999996 0.99978355249017
2.96938775510204 -2.9999999999999996 0.999717409862598
3.1224489795918355 -2.9999999999999996 0.9996425570555668
3.2755102040816313 -2.9999999999999996 0.9995619720947287
3.428571428571428 -2.9999999999999996 0.9994799535331237
3.5816326530612237 -2.9999999999999996 0.9994018255718713
3.7346938775510194 -2.9999999999999996 0.9993334099029267
3.887755102040815 -2.9999999999999996 0.9992803270268529
4.040816326530611 -2.9999999999999996 0.9992472394502663
4.193877551020407 -2.9999999999999996 0.9992371769111246
4.346938775510203 -2.9999999999999996 0.9992510787903993
4.499999999999999 -2.9999999999999996 0.9992876494696219

-3.0 -2.8245290569111563 0.9999997208520489
-2.8469387755102042 -2.8245290569111563 0.9999993815330183
-2.693877551020408 -2.8245290569111563 0.9999986856515226
-2.5408163265306123 -2.8245290569111563 0.9999973207300865
-2.3877551020408165 -2.8245290569111563 0.9999947611695705
-2.2346938775510203 -2.8245290569111563 0.9999901742853207
-2.0816326530612246 -2.8245290569111563 0.9999823231087708
-1.9285714285714288 -2.8245290569111563 0.999969495805346
-1.7755102040816328 -2.8245290569111563 0.9999495076980256
-1.6224489795918369 -2.8245290569111563 0.9999198316931416
-1.4693877551020411 -2.8245290569111563 0.9998779066007348
-1.3163265306122451 -2.8245290569111563 0.999821641589862
-1.1632653061224492 -2.8245290569111563 0.9997500765928533
-1.0102040816326534 -2.8245290569111563 0.9996640828271194
-0.8571428571428577 -2.8245290569111563 0.9995669187181485
-0.7040816326530615 -2.8245290569111563 0.9994644271490469
-0.5510204081632657 -2.8245290569111563 0.9993646988706584
-0.39795918367346994 -2.8245290569111563 0.9992771425952277
-0.24489795918367374 -2.8245290569111563 0.9992110716288237
-0.09183673469387799 -2.8245290569111563 0.9991740867230064
0.06122448979591777 -2.8245290569111563 0.999170639677595
0.21428571428571397 -2.8245290569111563 0.999201152290481
0.3673469387755097 -2.8245290569111563 0.9992619315049958
0.5204081632653055 -2.8245290569111563 0.9993459043301898
0.6734693877551017 -2.8245290569111563 0.999443970525239
0.8265306122448974 -2.8245290569111563 0.9995466158985191
0.9795918367346932 -2.8245290569111563 0.9996453934989619
1.132653061224489 -2.8245290569111563 0.999733964843142
1.2857142857142847 -2.8245290569111563 0.9998085553184546
1.4387755102040813 -2.8245290569111563 0.9998678523294104
1.591836734693877 -2.8245290569111563 0.9999125041103097
1.7448979591836729 -2.8245290569111563 0.999944431621474
1.8979591836734686 -2.8245290569111563 0.9999523055922354
2.0510204081632644 -2.8245290569111563 0.9999282360201106
2.20408163265306 -2.8245290569111563 0.9998921224484443
2.357142857142856 -2.8245290569111563 0.9998428910350229
2.5102040816326525 -2.8245290569111563 0.9997783252763923
2.6632653061224483 -2.8245290569111563 0.9996969762242809
2.816326530612244 -2.8245290569111563 0.9995986876209311
2.96938775510204 -2.8245290569111563 0.9994850871512461
3.1224489795918355 -2.8245290569111563 0.999359925945783
3.2755102040816313 -2.8245290569111563 0.9992291461624205
3.428571428571428 -2.8245290569111563 0.9991005869679878
3.5816326530612237 -2.8245290569111563 0.9989833027833099
3.7346938775510194 -2.8245290569111563 0.9988865533452698
3.887755102040815 -2.8245290569111563 0.9988186121052688
4.040816326530611 -2.8245290569111563 0.9987856022898176
4.193877551020407 -2.8245290569111563 0.9987905868556873
4.346938775510203 -2.8245290569111563 0.998833099702532
4.499999999999999 -2.8245290569111563 0.9989092175589012

-3.0 -2.649058113822313 0.9999993444463429
-2.8469387755102042 -2.649058113822313 0.9999985475863601
-2.693877551020408 -2.649058113822313 0.999996913371752
-2.5408163265306123 -2.649058113822313 0.9999937079774953
-2.3877551020408165 -2.649058113822313 0.9999876970816587
-2.2346938775510203 -2.649058113822313 0.9999769251998184
-2.0816326530612246 -2.649058113822313 0.9999584874234335
-1.9285714285714288 -2.649058113822313 0.9999283636641899
-1.7755102040816328 -2.649058113822313 0.9998814234061547
-1.6224489795918369 -2.649058113822313 0.9998117319989407
-1.4693877551020411 -2.649058113822313 0.9997132747201113
-1.3163265306122451 -2.649058113822313 0.9995811414427388
-1.1632653061224492 -2.649058113822313 0.9994130775349349
-1.0102040816326534 -2.649058113822313 0.9992111289718093
-0.8571428571428577 -2.649058113822313 0.9989829478702306
-0.7040816326530615 -2.649058113822313 0.9987422557114916
-0.5510204081632657 -2.649058113822313 0.9985080528904885
-0.39795918367346994 -2.649058113822313 0.9983024349149878
-0.24489795918367374 -2.649058113822313 0.9981472732400022
-0.09183673469387799 -2.649058113822313 0.9980604175415292
0.06122448979591777 -2.649058113822313 0.9980523224678696
0.21428571428571397 -2.649058113822313 0.9981239785731343
0.3673469387755097 -2.649058113822313 0.9982667130485282
0.5204081632653055 -2.649058113822313 0.9984639156160029
0.6734693877551017 -2.649058113822313 0.9986942151849587
0.8265306122448974 -2.649058113822313 0.9989352685388678
0.9795918367346932 -2.649058113822313 0.9991672387788981
1.132653061224489 -2.649058113822313 0.9993752405513365
1.2857142857142847 -2.649058113822313 0.9995504095206647
1.4387755102040813 -2.649058113822313 0.9996896631753683
1.591836734693877 -2.649058113822313 0.9997945238349366
1.7448979591836729 -2.649058113822313 0.9998695027005413
1.8979591836734686 -2.649058113822313 0.9999005423967079
2.0510204081632644 -2.649058113822313 0.9998583567694644
2.20408163265306 -2.649058113822313 0.9997907491868805
2.357142857142856 -2.649058113822313 0.9997005089788138
2.5102040816326525 -2.649058113822313 0.9995847154438929
2.6632653061224483 -2.649058113822313 0.9994421042205054
2.816326530612244 -2.649058113822313 0.9992738845244628
2.96938775510204 -2.649058113822313 0.9990844045384275
3.1224489795918355 -2.649058113822313 0.9988814719201575
3.2755102040816313 -2.649058113822313 0.9986761600809727
3.428571428571428 -2.649058113822313 0.9984820083746647
3.5816326530612237 -2.649058113822313 0.9983136465710551
3.7346938775510194 -2.649058113822313 0.9981850145576666
3.887755102040815 -2.649058113822313 0.998107468950336
4.040816326530611 -2.649058113822313 0.9980881306873195
4.193877551020407 -2.649058113822313 0.9981288064452662
4.346938775510203 -2.649058113822313 0.9982257102450222
4.499999999999999 -2.649058113822313 0.9983700446853175

-3.0 -2.4735871707334702 0.9999985424962204
-2.8469387755102042 -2.4735871707334702 0.9999967708236437
-2.693877551020408 -2.4735871707334702 0.9999931374460519
-2.5408163265306123 -2.4735871707334702 0.9999860108375834
-2.3877551020408165 -2.4735871707334702 0.999972646708948
-2.2346938775510203 -2.4735871707334702 0.9999486973978188
-2.0816326530612246 -2.4735871707334702 0.9999077043708139
-1.9285714285714288 -2.4735871707334702 0.9998407296960815
-1.7755102040816328 -2.4735871707334702 0.9997363666088477
-1.6224489795918369 -2.4735871707334702 0.9995814204983027
-1.4693877551020411 -2.4735871707334702 0.9993625187280656
-1.3163265306122451 -2.4735871707334702 0.9990687445280472
-1.1632653061224492 -2.4735871707334702 0.9986950851361907
-1.0102040816326534 -2.4735871707334702 0.9982460894043296
-0.8571428571428577 -2.4735871707334702 0.9977387704161946
-0.7040816326530615 -2.4735871707334702 0.9972036353783733
-0.5510204081632657 -2.4735871707334702 0.9966829281973335
-0.39795918367346994 -2.4735871707334702 0.996225774197499
-0.24489795918367374 -2.4735871707334702 0.9958808005629323
-0.09183673469387799 -2.4735871707334702 0.9956876927868799
0.06122448979591777 -2.4735871707334702 0.9956696948696576
0.21428571428571397 -2.4735871707334702 0.9958290091273463
0.3673469387755097 -2.4735871707334702 0.9961463531542084
0.5204081632653055 -2.4735871707334702 0.9965847970318857
0.6734693877551017 -2.4735871707334702 0.9970968260451661
0.8265306122448974 -2.4735871707334702 0.9976327641344538
0.9795918367346932 -2.4735871707334702 0.9981485075796183
1.132653061224489 -2.4735871707334702 0.9986109615163975
1.2857142857142847 -2.4735871707334702 0.9990004177143793
1.4387755102040813 -2.4735871707334702 0.9993100227724214
1.591836734693877 -2.4735871707334702 0.9995431612897625
1.7448979591836729 -2.4735871707334702 0.9997098630979618
1.8979591836734686 -2.4735871707334702 0.9997982793960779
2.0510204081632644 -2.4735871707334702 0.9997178301703546
2.20408163265306 -2.4735871707334702 0.9996039076985186
2.357142857142856 -2.4735871707334702 0.9994428657987882
2.5102040816326525 -2.4735871707334702 0.9992407783930772
2.6632653061224483 -2.4735871707334702 0.9989976425548593
2.816326530612244 -2.4735871707334702 0.9987178996958973
2.96938775510204 -2.4735871707334702 0.9984112092327391
3.1224489795918355 -2.4735871707334702 0.9980925343180902
3.2755102040816313 -2.4735871707334702 0.9977813332221794
3.428571428571428 -2.4735871707334702 0.997499811524171
3.5816326530612237 -2.4735871707334702 0.9972704016983408
3.7346938775510194 -2.4735871707334702 0.9971128453261587
3.887755102040815 -2.4735871707334702 0.9970413970615514
4.040816326530611 -2.4735871707334702 0.9970626977429637
4.193877551020407 -2.4735871707334702 0.9971747562993901
4.346938775510203 -2.4735871707334702 0.9973672567193632
4.499999999999999 -2.4735871707334702 0.9976231245099633

-3.0 -2.298116227644627 0.9999969321170917
-2.8469387755102042 -2.298116227644627 0.9999932029439031
-2.693877551020408 -2.298116227644627 0.999985555089284
-2.5408163265306123 -2.298116227644627 0.999970554373251
-2.3877551020408165 -2.298116227644627 0.9999424243729048
-2.2346938775510203 -2.298116227644627 0.9998920137439189
-2.0816326530612246 -2.298116227644627 0.9998057279938111
-1.9285714285714288 -2.298116227644627 0.9996647537728339
-1.7755102040816328 -2.298116227644627 0.9994450811132749
-1.6224489795918369 -2.298116227644627 0.9991189368309051
-1.4693877551020411 -2.298116227644627 0.9986581730175231
-1.3163265306122451 -2.298116227644627 0.9980398110895813
-1.1632653061224492 -2.298116227644627 0.9972532997419971
-1.0102040816326534 -2.298116227644627 0.9963082138005702
-0.8571428571428577 -2.298116227644627 0.995240363909174
-0.7040816326530615 -2.298116227644627 0.9941139643353663
-0.5510204081632657 -2.298116227644627 0.9930179337910202
-0.39795918367346994 -2.298116227644627 0.9920556756053583
-0.24489795918367374 -2.298116227644627 0.9913295445776968
-0.09183673469387799 -2.298116227644627 0.9909230742454047
0.06122448979591777 -2.298116227644627 0.9908851906368653
0.21428571428571397 -2.298116227644627 0.9912205293818158
0.3673469387755097 -2.298116227644627 0.9918885031666443
0.5204081632653055 -2.298116227644627 0.9928113786318074
0.6734693877551017 -2.298116227644627 0.9938891426008503
0.8265306122448974 -2.298116227644627 0.9950172325084347
0.9795918367346932 -2.298116227644627 0.9961028149423423
1.132653061224489 -2.298116227644627 0.9970762289041988
1.2857142857142847 -2.298116227644627 0.997895990766942
1.4387755102040813 -2.298116227644627 0.998547674885491
1.591836734693877 -2.298116227644627 0.9990384054637771
1.7448979591836729 -2.298116227644627 0.9993892941786576
1.8979591836734686 -2.298116227644627 0.9996020722089868
2.0510204081632644 -2.298116227644627 0.9994530375425155
2.20408163265306 -2.298116227644627 0.9992683239786281
2.357142857142856 -2.298116227644627 0.9989885858938169
2.5102040816326525 -2.298116227644627 0.9986454828383058
2.6632653061224483 -2.298116227644627 0.9982425404465011
2.816326530612244 -2.298116227644627 0.9977908180440838
2.96938775510204 -2.298116227644627 0.9973095621922428
3.1224489795918355 -2.298116227644627 0.9968256138997422
3.2755102040816313 -2.298116227644627 0.9963713768929838
3.428571428571428 -2.298116227644627 0.99598145074016
3.5816326530612237 -2.298116227644627 0.9956883643680099
3.7346938775510194 -2.298116227644627 0.9955181209750946
3.887755102040815 -2.298116227644627 0.9954863952184664
4.040816326530611 -2.298116227644627 0.9955961527234883
4.193877551020407 -2.298116227644627 0.9958371928535589
4.346938775510203 -2.298116227644627 0.996187712413061
4.499999999999999 -2.298116227644627 0.9966175581422347

-3.0 -2.1226452845557837 0.999993886421187
-2.8469387755102042 -2.1226452845557837 0.9999864550442809
-2.693877551020408 -2.1226452845557837 0.9999712146445126
-2.5408163265306123 -2.1226452845557837 0.9999413216979888
-2.3877551020408165 -2.1226452845557837 0.9998852651341411
-2.2346938775510203 -2.1226452845557837 0.9997848084470606
-2.0816326530612246 -2.1226452845557837 0.9996128609674823
-1.9285714285714288 -2.1226452845557837 0.9993319320545129
-1.7755102040816328 -2.1226452845557837 0.9988941754133959
-1.6224489795918369 -2.1226452845557837 0.9982442455320159
-1.4693877551020411 -2.1226452845557837 0.9973260501603243
-1.3163265306122451 -2.1226452845557837 0.9960937983128993
-1.1632653061224492 -2.1226452845557837 0.9945264636868704
-1.0102040816326534 -2.1226452845557837 0.9926431266884644
-0.8571428571428577 -2.1226452845557837 0.9905151496219832
-0.7040816326530615 -2.1226452845557837 0.9882704966234017
-0.5510204081632657 -2.1226452845557837 0.9860863620541864
-0.39795918367346994 -2.1226452845557837 0.9841688047573971
-0.24489795918367374 -2.1226452845557837 0.9827217940992754
-0.09183673469387799 -2.1226452845557837 0.9819117930379918
0.06122448979591777 -2.1226452845557837 0.9818362997960887
0.21428571428571397 -2.1226452845557837 0.9825045521080539
0.3673469387755097 -2.1226452845557837 0.9838356688751
0.5204081632653055 -2.1226452845557837 0.9856747455476811
0.6734693877551017 -2.1226452845557837 0.987822479070606
0.8265306122448974 -2.1226452845557837 0.9900705005122057
0.9795918367346932 -2.1226452845557837 0.9922338144215324
1.132653061224489 -2.1226452845557837 0.9941736025918668
1.2857142857142847 -2.1226452845557837 0.995807197779682
1.4387755102040813 -2.1226452845557837 0.9971058530214306
1.591836734693877 -2.1226452845557837 0.9980837652025597
1.7448979591836729 -2.1226452845557837 0.9987830049966254
1.8979591836734686 -2.1226452845557837 0.9992365158534868
2.0510204081632644 -2.1226452845557837 0.9989687921711478
2.20408163265306 -2.1226452845557837 0.9986487232593756
2.357142857142856 -2.1226452845557837 0.9982081924299281
2.5102040816326525 -2.1226452845557837 0.997641729391639
2.6632653061224483 -2.1226452845557837 0.9969929459727019
2.816326530612244 -2.1226452845557837 0.996285211047356
2.96938775510204 -2.1226452845557837 0.9955539700789505
3.1224489795918355 -2.1226452845557837 0.994844676314423
3.2755102040816313 -2.1226452845557837 0.9942085832593872
3.428571428571428 -2.1226452845557837 0.9936968300435457
3.5816326530612237 -2.1226452845557837 0.9933537214447276
3.7346938775510194 -2.1226452845557837 0.9932104126104521
3.887755102040815 -2.1226452845557837 0.9932802433251975
4.040816326530611 -2.1226452845557837 0.9935566898949465
4.193877551020407 -2.1226452845557837 0.9940143703590537
4.346938775510203 -2.1226452845557837 0.9946128884211829
4.499999999999999 -2.1226452845557837 0.995302709477624

-3.0 -1.9471743414669405 0.999988466001363
-2.8469387755102042 -1.9471743414669405 0.9999744458187942
-2.693877551020408 -1.9471743414669405 0.9999456929793311
-2.5408163265306123 -1.9471743414669405 0.9998892963555189
-2.3877551020408165 -1.9471743414669405 0.9997835389340819
-2.2346938775510203 -1.9471743414669405 0.9995940153624872
-2.0816326530612246 -1.9471743414669405 0.999269615848592
-1.9285714285714288 -1.9471743414669405 0.9987396098082019
-1.7755102040816328 -1.9471743414669405 0.9979137294758416
-1.6224489795918369 -1.9471743414669405 0.996687558914327
-1.4693877551020411 -1.9471743414669405 0.9949552733759293
-1.3163265306122451 -1.9471743414669405 0.9926304826823915
-1.1632653061224492 -1.9471743414669405 0.9896735181950863
-1.0102040816326534 -1.9471743414669405 0.9861203773855685
-0.8571428571428577 -1.9471743414669405 0.9821056937877669
-0.7040816326530615 -1.9471743414669405 0.9778708870701072
-0.5510204081632657 -1.9471743414669405 0.9737502556175701
-0.39795918367346994 -1.9471743414669405 0.9701325541166821
-0.24489795918367374 -1.9471743414669405 0.9674025952057005
-0.09183673469387799 -1.9471743414669405 0.9658744311920187
0.06122448979591777 -1.9471743414669405 0.9657320041495531
0.21428571428571397 -1.9471743414669405 0.966992742170793
0.3673469387755097 -1.9471743414669405 0.9695040533759721
0.5204081632653055 -1.9471743414669405 0.9729736917798858
0.6734693877551017 -1.9471743414669405 0.9770256482989439
0.8265306122448974 -1.9471743414669405 0.9812668099877866
0.9795918367346932 -1.9471743414669405 0.9853481607718112
1.132653061224489 -1.9471743414669405 0.989007803478172
1.2857142857142847 -1.9471743414669405 0.9920897764511296
1.4387755102040813 -1.9471743414669405 0.9945398451010086
1.591836734693877 -1.9471743414669405 0.996384793552526
1.7448979591836729 -1.9471743414669405 0.997703993170033
1.8979591836734686 -1.9471743414669405 0.9985752537679234
2.0510204081632644 -1.9471743414669405 0.9981090648889639
2.20408163265306 -1.9471743414669405 0.9975651755361418
2.357142857142856 -1.9471743414669405 0.9969022461775386
2.5102040816326525 -1.9471743414669405 0.9959932159288978
2.6632653061224483 -1.9471743414669405 0.9949789991243776
2.816326530612244 -1.9471743414669405 0.9939042102805352
2.96938775510204 -1.9471743414669405 0.9928300689593741
3.1224489795918355 -1.9471743414669405 0.9918295626962275
3.2755102040816313 -1.9471743414669405 0.9909797007343982
3.428571428571428 -1.9471743414669405 0.9903518974178389
3.5816326530612237 -1.9471743414669405 0.990002113550257
3.7346938775510194 -1.9471743414669405 0.9899626328763281
3.887755102040815 -1.9471743414669405 0.9902371472360625
4.040816326530611 -1.9471743414669405 0.9908001871693386
4.193877551020407 -1.9471743414669405 0.9916010196468689
4.346938775510203 -1.9471743414669405 0.9925711864156574
4.499999999999999 -1.9471743414669405 0.9936341312954349

-3.0 -1.7717033983780974 0.9999789033025874
-2.8469387755102042 -1.7717033983780974 0.9999543570195594
-2.693877551020408 -1.7717033983780974 0.999903000833319
-2.5408163265306123 -1.7717033983780974 0.9998022693727078
-2.3877551020408165 -1.7717033983780974 0.9996133733216375
-2.2346938775510203 -1.7717033983780974 0.999274860394861
-2.0816326530612246 -1.7717033983780974 0.9986954420778175
-1.9285714285714288 -1.7717033983780974 0.9977487846545116
-1.7755102040816328 -1.7717033983780974 0.9962736585468622
-1.6224489795918369 -1.7717033983780974 0.9940835637633335
-1.4693877551020411 -1.7717033983780974 0.9909894839996335
-1.3163265306122451 -1.7717033983780974 0.9868371155359639
-1.1632653061224492 -1.7717033983780974 0.9815556051963847
-1.0102040816326534 -1.7717033983780974 0.9752092489908859
-0.8571428571428577 -1.7717033983780974 0.9680385193379063
-0.7040816326530615 -1.7717033983780974 0.9604746221178141
-0.5510204081632657 -1.7717033983780974 0.9531146562759509
-0.39795918367346994 -1.7717033983780974 0.9466529865587525
-0.24489795918367374 -1.7717033983780974 0.9417769367188321
-0.09183673469387799 -1.7717033983780974 0.9390474436615148
0.06122448979591777 -1.7717033983780974 0.9387930510569884
0.21428571428571397 -1.7717033983780974 0.9410448876695908
0.3673469387755097 -1.7717033983780974 0.9455304052173993
0.5204081632653055 -1.7717033983780974 0.9517276156281239
0.6734693877551017 -1.7717033983780974 0.958964919404617
0.8265306122448974 -1.7717033983780974 0.9665401674022227
0.9795918367346932 -1.7717033983780974 0.9738299730315488
1.132653061224489 -1.7717033983780974 0.9803665550147922
1.2857142857142847 -1.7717033983780974 0.9858713462264761
1.4387755102040813 -1.7717033983780974 0.9902474768707799
1.591836734693877 -1.7717033983780974 0.9935427867618905
1.7448979591836729 -1.7717033983780974 0.9958990431355278
1.8979591836734686 -1.7717033983780974 0.9974140700757728
2.0510204081632644 -1.7717033983780974 0.9966275245918875
2.20408163265306 -1.7717033983780974 0.9957329006644422
2.357142857142856 -1.7717033983780974 0.9947619620983951
2.5102040816326525 -1.7717033983780974 0.9933565845423064
2.6632653061224483 -1.7717033983780974 0.9918185074928949
2.816326530612244 -1.7717033983780974 0.9902384455120679
2.96938775510204 -1.7717033983780974 0.9887163202890267
3.1224489795918355 -1.7717033983780974 0.9873634698186315
3.2755102040816313 -1.7717033983780974 0.9862895960903775
3.428571428571428 -1.7717033983780974 0.9855882081427761
3.5816326530612237 -1.7717033983780974 0.9853232115448468
3.7346938775510194 -1.7717033983780974 0.9855193048960575
3.887755102040815 -1.7717033983780974 0.9861581829180761
4.040816326530611 -1.7717033983780974 0.9871813549015643
4.193877551020407 -1.7717033983780974 0.9884989772356991
4.346938775510203 -1.7717033983780974 0.9900028519445147
4.499999999999999 -1.7717033983780974 0.9915809884299234

-3.0 -1.5962324552892542 0.9999589611183697
-2.8469387755102042 -1.5962324552892542 0.999921465366706
-2.693877551020408 -1.5962324552892542 0.9998359758960312
-2.5408163265306123 -1.5962324552892542 0.9996656405402387
-2.3877551020408165 -1.5962324552892542 0.9993462202134443
-2.2346938775510203 -1.5962324552892542 0.9987738000432904
-2.0816326530612246 -1.5962324552892542 0.9977940125510057
-1.9285714285714288 -1.5962324552892542 0.9961932293593968
-1.7755102040816328 -1.5962324552892542 0.993698813723398
-1.6224489795918369 -1.5962324552892542 0.9899953970161587
-1.4693877551020411 -1.5962324552892542 0.9847633555645301
-1.3163265306122451 -1.5962324552892542 0.9777417641436373
-1.1632653061224492 -1.5962324552892542 0.9688108111190656
-1.0102040816326534 -1.5962324552892542 0.958079220058122
-0.8571428571428577 -1.5962324552892542 0.9459536261342127
-0.7040816326530615 -1.5962324552892542 0.9331631918811361
-0.5510204081632657 -1.5962324552892542 0.9207176024626043
-0.39795918367346994 -1.5962324552892542 0.909791018021004
-0.24489795918367374 -1.5962324552892542 0.9015456924860985
-0.09183673469387799 -1.5962324552892542 0.896930161566256
0.06122448979591777 -1.5962324552892542 0.8964999875715564
0.21428571428571397 -1.5962324552892542 0.900307808765326
0.3673469387755097 -1.5962324552892542 0.9078927501806944
0.5204081632653055 -1.5962324552892542 0.9183721379889134
0.6734693877551017 -1.5962324552892542 0.9306103077351768
0.8265306122448974 -1.5962324552892542 0.943419935979034
0.9795918367346932 -1.5962324552892542 0.9557468855536435
1.132653061224489 -1.5962324552892542 0.9668001454888042
1.2857142857142847 -1.5962324552892542 0.9761086630454586
1.4387755102040813 -1.5962324552892542 0.9835086328837797
1.591836734693877 -1.5962324552892542 0.9890809513962262
1.7448979591836729 -1.5962324552892542 0.9930653448052674
1.8979591836734686 -1.5962324552892542 0.9954350321036647
2.0510204081632644 -1.5962324552892542 0.994149907969782
2.20408163265306 -1.5962324552892542 0.9927265645211976
2.357142857142856 -1.5962324552892542 0.9912265904108644
2.5102040816326525 -1.5962324552892542 0.9892507030471004
2.6632653061224483 -1.5962324552892542 0.9869902799680212
2.816326530612244 -1.5962324552892542 0.984745388125601
2.96938775510204 -1.5962324552892542 0.9826707528607774
3.1224489795918355 -1.5962324552892542 0.980927678892708
3.2755102040816313 -1.5962324552892542 0.9796636631844765
3.428571428571428 -1.5962324552892542 0.9789918783395707
3.5816326530612237 -1.5962324552892542 0.9789744656001309
3.7346938775510194 -1.5962324552892542 0.9796130534828401
3.887755102040815 -1.5962324552892542 0.9808485065732501
4.040816326530611 -1.5962324552892542 0.9825699581677189
4.193877551020407 -1.5962324552892542 0.9846312150186236
4.346938775510203 -1.5962324552892542 0.9868711719220922
4.499999999999999 -1.5962324552892542 0.9891343000152537

-3.0 -1.420761512200411 0.9999243928359329
-2.8469387755102042 -1.420761512200411 0.999855574675872
-2.693877551020408 -1.420761512200411 0.9997329942814511
-2.5408163265306123 -1.420761512200411 0.9994647201062417
-2.3877551020408165 -1.420761512200411 0.9989533564417808
-2.2346938775510203 -1.420761512200411 0.9980369624265383
-2.0816326530612246 -1.420761512200411 0.9964684093933741
-1.9285714285714288 -1.420761512200411 0.9939056972232262
-1.7755102040816328 -1.420761512200411 0.9899123586241644
-1.6224489795918369 -1.420761512200411 0.9839835163446352
-1.4693877551020411 -1.420761512200411 0.9756074811806668
-1.3163265306122451 -1.420761512200411 0.9643665349473162
-1.1632653061224492 -1.420761512200411 0.9500688698249806
-1.0102040816326534 -1.420761512200411 0.9328885426194657
-0.8571428571428577 -1.420761512200411 0.9134765402434042
-0.7040816326530615 -1.420761512200411 0.8930001873596075
-0.5510204081632657 -1.420761512200411 0.8730759005263123
-0.39795918367346994 -1.420761512200411 0.8555834061814085
-0.24489795918367374 -1.420761512200411 0.8423833699704493
-0.09183673469387799 -1.420761512200411 0.8349943135873139
0.06122448979591777 -1.420761512200411 0.8343056431057169
0.21428571428571397 -1.420761512200411 0.8404016277251032
0.3673469387755097 -1.420761512200411 0.8525444474254309
0.5204081632653055 -1.420761512200411 0.8693210195512469
0.6734693877551017 -1.420761512200411 0.8889132458523998
0.8265306122448974 -1.420761512200411 0.9094203266161646
0.9795918367346932 -1.420761512200411 0.9291546815626947
1.132653061224489 -1.420761512200411 0.9468499721580268
1.2857142857142847 -1.420761512200411 0.9617520846699005
1.4387755102040813 -1.420761512200411 0.9735987812511728
1.591836734693877 -1.420761512200411 0.9825195698642977
1.7448979591836729 -1.420761512200411 0.988898230968144
1.8979591836734686 -1.420761512200411 0.992162086890397
2.0510204081632644 -1.420761512200411 0.9901299728792083
2.20408163265306 -1.420761512200411 0.9879416421150405
2.357142857142856 -1.420761512200411 0.9857074436045056
2.5102040816326525 -1.420761512200411 0.9830268721586554
2.6632653061224483 -1.420761512200411 0.9798118492890926
2.816326530612244 -1.420761512200411 0.9767364217622297
2.96938775510204 -1.420761512200411 0.9740282140743475
3.1224489795918355 -1.420761512200411 0.9719086613771184
3.2755102040816313 -1.420761512200411 0.9705633504962917
3.428571428571428 -1.420761512200411 0.9701152490954204
3.5816326530612237 -1.420761512200411 0.9706061668130609
3.7346938775510194 -1.420761512200411 0.9719903210052302
3.887755102040815 -1.420761512200411 0.9741413790807368
4.040816326530611 -1.420761512200411 0.9768714764871065
4.193877551020407 -1.420761512200411 0.9799582435621255
4.346938775510203 -1.420761512200411 0.9831744615098071
4.499999999999999 -1.420761512200411 0.9863149154040964

-3.0 -1.2452905691115679 0.9998680781393326
-2.8469387755102042 -1.2452905691115679 0.9997484572122309
-2.693877551020408 -1.2452905691115679 0.9995358014483908
-2.5408163265306123 -1.2452905691115679 0.9991709275153854
-2.3877551020408165 -1.2452905691115679 0.9984136691662184
-2.2346938775510203 -1.2452905691115679 0.997024749250879
-2.0816326530612246 -1.2452905691115679 0.9946473935394811
-1.9285714285714288 -1.2452905691115679 0.9907632542814799
-1.7755102040816328 -1.2452905691115679 0.9847108058622677
-1.6224489795918369 -1.2452905691115679 0.9757248380580534
-1.4693877551020411 -1.2452905691115679 0.9630298162035738
-1.3163265306122451 -1.2452905691115679 0.9459926315089232
-1.1632653061224492 -1.2452905691115679 0.9243225731050512
-1.0102040816326534 -1.2452905691115679 0.8982834477824461
-0.8571428571428577 -1.2452905691115679 0.8688619148519948
-0.7040816326530615 -1.2452905691115679 0.8378272137946181
-0.5510204081632657 -1.2452905691115679 0.8076292440115298
-0.39795918367346994 -1.2452905691115679 0.7811169868814266
-0.24489795918367374 -1.2452905691115679 0.7611105345567138
-0.09183673469387799 -1.2452905691115679 0.7499114134413434
0.06122448979591777 -1.2452905691115679 0.748867639550324
0.21428571428571397 -1.2452905691115679 0.7581069343303397
0.3673469387755097 -1.2452905691115679 0.7765110310721723
0.5204081632653055 -1.2452905691115679 0.8019382105922238
0.6734693877551017 -1.2452905691115679 0.8316328974222164
0.8265306122448974 -1.2452905691115679 0.8627141707658958
0.9795918367346932 -1.2452905691115679 0.8926242729115942
1.132653061224489 -1.2452905691115679 0.9194438953739573
1.2857142857142847 -1.2452905691115679 0.9420300761041872
1.4387755102040813 -1.2452905691115679 0.9599853579360496
1.591836734693877 -1.2452905691115679 0.9735060278217235
1.7448979591836729 -1.2452905691115679 0.9831737573059538
1.8979591836734686 -1.2452905691115679 0.9869110471666613
2.0510204081632644 -1.2452905691115679 0.9838037028913792
2.20408163265306 -1.2452905691115679 0.9805563189168901
2.357142857142856 -1.2452905691115679 0.9773539133252224
2.5102040816326525 -1.2452905691115679 0.9738460747642215
2.6632653061224483 -1.2452905691115679 0.9694283907810041
2.816326530612244 -1.2452905691115679 0.965378566747569
2.96938775510204 -1.2452905691115679 0.9620145647164083
3.1224489795918355 -1.2452905691115679 0.9596229585541725
3.2755102040816313 -1.2452905691115679 0.9584187825010781
3.428571428571428 -1.2452905691115679 0.9585136496580492
3.5816326530612237 -1.2452905691115679 0.9598986880438887
3.7346938775510194 -1.2452905691115679 0.9624459090728182
3.887755102040815 -1.2452905691115679 0.9659277159866588
4.040816326530611 -1.2452905691115679 0.9700504319983456
4.193877551020407 -1.2452905691115679 0.974495007558514
4.346938775510203 -1.2452905691115679 0.9789571210251977
4.499999999999999 -1.2452905691115679 0.9831798278194841

-3.0 -1.0698196260227246 0.9997819997579089
-2.8469387755102042 -1.0698196260227246 0.9995850776998055
-2.693877551020408 -1.0698196260227246 0.9992356832321845
-2.5408163265306123 -1.0698196260227246 0.9986373735726835
-2.3877551020408165 -1.0698196260227246 0.997648867865157
-2.2346938775510203 -1.0698196260227246 0.9957308031603354
-2.0816326530612246 -1.0698196260227246 0.9923195278273717
-1.9285714285714288 -1.0698196260227246 0.9867461639520831
-1.7755102040816328 -1.0698196260227246 0.9780614863089744
-1.6224489795918369 -1.0698196260227246 0.9651674922943815
-1.4693877551020411 -1.0698196260227246 0.9469513647304678
-1.3163265306122451 -1.0698196260227246 0.922504653784618
-1.1632653061224492 -1.0698196260227246 0.8914102174987052
-1.0102040816326534 -1.0698196260227246 0.8540465930822625
-0.8571428571428577 -1.0698196260227246 0.8118295411440759
-0.7040816326530615 -1.0698196260227246 0.767297749088152
-0.5510204081632657 -1.0698196260227246 0.7239665854205735
-0.39795918367346994 -1.0698196260227246 0.6859240626565171
-0.24489795918367374 -1.0698196260227246 0.6572167400677242
-0.09183673469387799 -1.0698196260227246 0.6411470852707677
0.06122448979591777 -1.0698196260227246 0.6396493707678201
0.21428571428571397 -1.0698196260227246 0.6529068644722502
0.3673469387755097 -1.0698196260227246 0.6793149618974256
0.5204081632653055 -1.0698196260227246 0.7158005033196599
0.6734693877551017 -1.0698196260227246 0.7584095046641306
0.8265306122448974 -1.0698196260227246 0.8030081234429981
0.9795918367346932 -1.0698196260227246 0.8459262249146762
1.132653061224489 -1.0698196260227246 0.8844097871795189
1.2857142857142847 -1.0698196260227246 0.9168187703289488
1.4387755102040813 -1.0698196260227246 0.9425828618007417
1.591836734693877 -1.0698196260227246 0.9619837143719479
1.7448979591836729 -1.0698196260227246 0.9749517560993028
1.8979591836734686 -1.0698196260227246 0.9787405951747061
2.0510204081632644 -1.0698196260227246 0.9741503382241317
2.20408163265306 -1.0698196260227246 0.9695062700394742
2.357142857142856 -1.0698196260227246 0.9651005842133521
2.5102040816326525 -1.0698196260227246 0.9606717114754437
2.6632653061224483 -1.0698196260227246 0.9548213515265331
2.816326530612244 -1.0698196260227246 0.9497186715067856
2.96938775510204 -1.0698196260227246 0.9457842369921436
3.1224489795918355 -1.0698196260227246 0.9433643712603609
3.2755102040816313 -1.0698196260227246 0.9426809215137448
3.428571428571428 -1.0698196260227246 0.9437977121863782
3.5816326530612237 -1.0698196260227246 0.9466107142119263
3.7346938775510194 -1.0698196260227246 0.9508640282791926
3.887755102040815 -1.0698196260227246 0.9561882794733191
4.040816326530611 -1.0698196260227246 0.9621534418721872
4.193877551020407 -1.0698196260227246 0.9683256441032501
4.346938775510203 -1.0698196260227246 0.974317664431158
4.499999999999999 -1.0698196260227246 0.9798253243267535

-3.0 -0.8943486829338814 0.9996588199944952
-2.8469387755102042 -0.8943486829338814 0.9993518014248115
-2.693877551020408 -0.8943486829338814 0.9988081286458865
-2.5408163265306123 -0.8943486829338814 0.9978789666295782
-2.3877551020408165 -0.8943486829338814 0.9963468926843893
-2.2346938775510203 -0.8943486829338814 0.9939106046789183
-2.0816326530612246 -0.8943486829338814 0.9895663041840114
-1.9285714285714288 -0.8943486829338814 0.981995053089083
-1.7755102040816328 -0.8943486829338814 0.9701971736421602
-1.6224489795918369 -0.8943486829338814 0.9526810615623736
-1.4693877551020411 -0.8943486829338814 0.9279349874050502
-1.3163265306122451 -0.8943486829338814 0.8947248487602659
-1.1632653061224492 -0.8943486829338814 0.8524839705323549
-1.0102040816326534 -0.8943486829338814 0.8017265844001168
-0.8571428571428577 -0.8943486829338814 0.7443759595595487
-0.7040816326530615 -0.8943486829338814 0.6838808282695454
-0.5510204081632657 -0.8943486829338814 0.6250167153740469
-0.39795918367346994 -0.8943486829338814 0.5733370657806869
-0.24489795918367374 -0.8943486829338814 0.5343390113836717
-0.09183673469387799 -0.8943486829338814 0.5125088574229666
0.06122448979591777 -0.8943486829338814 0.5104742562693241
0.21428571428571397 -0.8943486829338814 0.5284841719991626
0.3673469387755097 -0.8943486829338814 0.5643587965561293
0.5204081632653055 -0.8943486829338814 0.6139233327363276
0.6734693877551017 -0.8943486829338814 0.6718064093309688
0.8265306122448974 -0.8943486829338814 0.7323923227609108
0.9795918367346932 -0.8943486829338814 0.7906953027978766
1.132653061224489 -0.8943486829338814 0.8429740915965631
1.2857142857142847 -0.8943486829338814 0.8870007431208969
1.4387755102040813 -0.8943486829338814 0.922000504509265
1.591836734693877 -0.8943486829338814 0.9479607812734628
1.7448979591836729 -0.8943486829338814 0.962935379570855
1.8979591836734686 -0.8943486829338814 0.9664154879922808
2.0510204081632644 -0.8943486829338814 0.9598730883042447
2.20408163265306 -0.8943486829338814 0.9534859289305108
2.357142857142856 -0.8943486829338814 0.9476899795424053
2.5102040816326525 -0.8943486829338814 0.9422879647032658
2.6632653061224483 -0.8943486829338814 0.9348459609471496
2.816326530612244 -0.8943486829338814 0.9287374073633652
2.96938775510204 -0.8943486829338814 0.9244860453428771
3.1224489795918355 -0.8943486829338814 0.9224756501833274
3.2755102040816313 -0.8943486829338814 0.9228928996041487
3.428571428571428 -0.8943486829338814 0.9256987820833138
3.5816326530612237 -0.8943486829338814 0.9306346127973234
3.7346938775510194 -0.8943486829338814 0.93726137177287
3.887755102040815 -0.8943486829338814 0.9450240751744838
4.040816326530611 -0.8943486829338814 0.9533281097252009
4.193877551020407 -0.8943486829338814 0.9616130542387625
4.346938775510203 -0.8943486829338814 0.9694115797073587
4.499999999999999 -0.8943486829338814 0.9763856573759493

-3.0 -0.7188777398450381 0.9994942958052792
-2.8469387755102042 -0.7188777398450381 0.9990409621326396
-2.693877551020408 -0.7188777398450381 0.9982397604909533
-2.5408163265306123 -0.7188777398450381 0.99687316774453
-2.3877551020408165 -0.7188777398450381 0.9946243100565548
-2.2346938775510203 -0.7188777398450381 0.9910554056447606
-2.0816326530612246 -0.7188777398450381 0.985595973975208
-1.9285714285714288 -0.7188777398450381 0.9768436693934732
-1.7755102040816328 -0.7188777398450381 0.9616703063016196
-1.6224489795918369 -0.7188777398450381 0.939142670743051
-1.4693877551020411 -0.7188777398450381 0.9073165133411003
-1.3163265306122451 -0.7188777398450381 0.8646046434448925
-1.1632653061224492 -0.7188777398450381 0.8102782549142791
-1.0102040816326534 -0.7188777398450381 0.7449987059205196
-0.8571428571428577 -0.7188777398450381 0.6712395309632277
-0.7040816326530615 -0.7188777398450381 0.5934361768535203
-0.5510204081632657 -0.7188777398450381 0.5177304907544626
-0.39795918367346994 -0.7188777398450381 0.45126481009823716
-0.24489795918367374 -0.7188777398450381 0.4011090476238113
-0.09183673469387799 -0.7188777398450381 0.3730330824567627
0.06122448979591777 -0.7188777398450381 0.37041636288523205
0.21428571428571397 -0.7188777398450381 0.39357908393624286
0.3673469387755097 -0.7188777398450381 0.4397177740826963
0.5204081632653055 -0.7188777398450381 0.5034631875974633
0.6734693877551017 -0.7188777398450381 0.5779071537352206
0.8265306122448974 -0.7188777398450381 0.6558272636041087
0.9795918367346932 -0.7188777398450381 0.7308112714860262
1.132653061224489 -0.7188777398450381 0.7980475106774428
1.2857142857142847 -0.7188777398450381 0.8546705989453491
1.4387755102040813 -0.7188777398450381 0.8996841193888439
1.591836734693877 -0.7188777398450381 0.9269391483720305
1.7448979591836729 -0.7188777398450381 0.9458159444258736
1.8979591836734686 -0.7188777398450381 0.9483977398706114
2.0510204081632644 -0.7188777398450381 0.9394159435394398
2.20408163265306 -0.7188777398450381 0.9309919277850458
2.357142857142856 -0.7188777398450381 0.92374060352392
2.5102040816326525 -0.7188777398450381 0.9173541772138578
2.6632653061224483 -0.7188777398450381 0.908305639348479
2.816326530612244 -0.7188777398450381 0.9014379637580883
2.96938775510204 -0.7188777398450381 0.8973587271068297
3.1224489795918355 -0.7188777398450381 0.8964429398724144
3.2755102040816313 -0.7188777398450381 0.8987761811462429
3.428571428571428 -0.7188777398450381 0.9041414082791689
3.5816326530612237 -0.7188777398450381 0.9120522582559901
3.7346938775510194 -0.7188777398450381 0.92182576103736
3.887755102040815 -0.7188777398450381 0.9326794038617313
4.040816326530611 -0.7188777398450381 0.9438334736306827
4.193877551020407 -0.7188777398450381 0.9546003505224522
4.346938775510203 -0.7188777398450381 0.9644472863163833
4.499999999999999 -0.7188777398450381 0.9730264360522355

-3.0 -0.5434067967561953 0.9992901020396198
-2.8469387755102042 -0.5434067967561953 0.9986561529968505
-2.693877551020408 -0.5434067967561953 0.9975379292109912
-2.5408163265306123 -0.5434067967561953 0.995634358657562
-2.3877551020408165 -0.5434067967561953 0.9925080929392142
-2.2346938775510203 -0.5434067967561953 0.9875567588317291
-2.0816326530612246 -0.5434067967561953 0.9799980901577933
-1.9285714285714288 -0.5434067967561953 0.9688823908254708
-1.7755102040816328 -0.5434067967561953 0.953146958563663
-1.6224489795918369 -0.5434067967561953 0.9258999620031118
-1.4693877551020411 -0.5434067967561953 0.8871483522697581
-1.3163265306122451 -0.5434067967561953 0.8351422714760341
-1.1632653061224492 -0.5434067967561953 0.7689943234227188
-1.0102040816326534 -0.5434067967561953 0.6895097794915543
-0.8571428571428577 -0.5434067967561953 0.5997004215442471
-0.7040816326530615 -0.5434067967561953 0.5049668608341973
-0.5510204081632657 -0.5434067967561953 0.4127874259984149
-0.39795918367346994 -0.5434067967561953 0.3318586451555885
-0.24489795918367374 -0.5434067967561953 0.2707888619348028
-0.09183673469387799 -0.5434067967561953 0.23660349575000494
0.06122448979591777 -0.5434067967561953 0.23341737138265128
0.21428571428571397 -0.5434067967561953 0.2616203591073426
0.3673469387755097 -0.5434067967561953 0.31779894490337424
0.5204081632653055 -0.5434067967561953 0.395415521595856
0.6734693877551017 -0.5434067967561953 0.48605868301617083
0.8265306122448974 -0.5434067967561953 0.5809344058338466
0.9795918367346932 -0.5434067967561953 0.6722351234474875
1.132653061224489 -0.5434067967561953 0.7541021383113207
1.2857142857142847 -0.5434067967561953 0.8230465537725681
1.4387755102040813 -0.5434067967561953 0.8675159174035636
1.591836734693877 -0.5434067967561953 0.9002752220211904
1.7448979591836729 -0.5434067967561953 0.9190120715755653
1.8979591836734686 -0.5434067967561953 0.9228847721159865
2.0510204081632644 -0.5434067967561953 0.9110342791507404
2.20408163265306 -0.5434067967561953 0.9004234260961549
2.357142857142856 -0.5434067967561953 0.8918706533001258
2.5102040816326525 -0.5434067967561953 0.8845035598359374
2.6632653061224483 -0.5434067967561953 0.8740677150488347
2.816326530612244 -0.5434067967561953 0.8669696022152396
2.96938775510204 -0.5434067967561953 0.8638523913834564
3.1224489795918355 -0.5434067967561953 0.8650059997665659
3.2755102040816313 -0.5434067967561953 0.8703226169483227
3.428571428571428 -0.5434067967561953 0.8793133228717065
3.5816326530612237 -0.5434067967561953 0.8911822494999807
3.7346938775510194 -0.5434067967561953 0.9049426989642413
3.887755102040815 -0.5434067967561953 0.9195517620817506
4.040816326530611 -0.5434067967561953 0.9340381368116627
4.193877551020407 -0.5434067967561953 0.9476020116124366
4.346938775510203 -0.5434067967561953 0.9596743259267828
4.499999999999999 -0.5434067967561953 0.9699327313123115

-3.0 -0.36793585366735204 0.9989382985688244
-2.8469387755102042 -0.36793585366735204 0.9981592795031228
-2.693877551020408 -0.36793585366735204 0.9967385126783709
-2.5408163265306123 -0.36793585366735204 0.9942273143079566
-2.3877551020408165 -0.36793585366735204 0.9901113515222282
-2.2346938775510203 -0.36793585366735204 0.9836057038731374
-2.0816326530612246 -0.36793585366735204 0.9736945690173636
-1.9285714285714288 -0.36793585366735204 0.9591497350746394
-1.7755102040816328 -0.36793585366735204 0.9386038493806804
-1.6224489795918369 -0.36793585366735204 0.9106932638040797
-1.4693877551020411 -0.36793585366735204 0.8699108455062782
-1.3163265306122451 -0.36793585366735204 0.8099611042746777
-1.1632653061224492 -0.36793585366735204 0.7337093985457552
-1.0102040816326534 -0.36793585366735204 0.6420840007488089
-0.8571428571428577 -0.36793585366735204 0.5385567268811157
-0.7040816326530615 -0.36793585366735204 0.4293531036924795
-0.5510204081632657 -0.36793585366735204 0.3230937359235624
-0.39795918367346994 -0.36793585366735204 0.22980350148040407
-0.24489795918367374 -0.36793585366735204 0.15940562405377323
-0.09183673469387799 -0.36793585366735204 0.11999861961491043
0.06122448979591777 -0.36793585366735204 0.11632583119403028
0.21428571428571397 -0.36793585366735204 0.14883667973805836
0.3673469387755097 -0.36793585366735204 0.21359625457677212
0.5204081632653055 -0.36793585366735204 0.30306836277990523
0.6734693877551017 -0.36793585366735204 0.4075567992978487
0.8265306122448974 -0.36793585366735204 0.5169242991223519
0.9795918367346932 -0.36793585366735204 0.6221707301485047
1.132653061224489 -0.36793585366735204 0.7165425090171532
1.2857142857142847 -0.36793585366735204 0.7789978622834342
1.4387755102040813 -0.36793585366735204 0.8292705307834002
1.591836734693877 -0.36793585366735204 0.862555223645412
1.7448979591836729 -0.36793585366735204 0.8823285256217825
1.8979591836734686 -0.36793585366735204 0.887913499515258
2.0510204081632644 -0.36793585366735204 0.8729341644623202
2.20408163265306 -0.36793585366735204 0.8602485878513549
2.357142857142856 -0.36793585366735204 0.850880123496084
2.5102040816326525 -0.36793585366735204 0.8424895169670722
2.6632653061224483 -0.36793585366735204 0.831218549866637
2.816326530612244 -0.36793585366735204 0.8247793504211649
2.96938775510204 -0.36793585366735204 0.8237653989943656
3.1224489795918355 -0.36793585366735204 0.8282714927931776
3.2755102040816313 -0.36793585366735204 0.8378791278806907
3.428571428571428 -0.36793585366735204 0.8517206104371132
3.5816326530612237 -0.36793585366735204 0.8686082887062383
3.7346938775510194 -0.36793585366735204 0.8872022413136005
3.887755102040815 -0.36793585366735204 0.9061837017387697
4.040816326530611 -0.36793585366735204 0.9244035438309999
4.193877551020407 -0.36793585366735204 0.9409839820341599
4.346938775510203 -0.36793585366735204 0.955364162295546
4.499999999999999 -0.36793585366735204 0.9672928427855159

-3.0 -0.19246491057850879 0.9984499714160869
-2.8469387755102042 -0.19246491057850879 0.9973234698721668
-2.693877551020408 -0.19246491057850879 0.9955004567769025
-2.5408163265306123 -0.19246491057850879 0.9926357490018074
-2.3877551020408165 -0.19246491057850879 0.9876385936019525
-2.2346938775510203 -0.19246491057850879 0.9795431660245495
-2.0816326530612246 -0.19246491057850879 0.9672353324296534
-1.9285714285714288 -0.19246491057850879 0.9492109696984581
-1.7755102040816328 -0.19246491057850879 0.9238042258608741
-1.6224489795918369 -0.19246491057850879 0.8893659884232179
-1.4693877551020411 -0.19246491057850879 0.8445312008232643
-1.3163265306122451 -0.19246491057850879 0.7885563545506906
-1.1632653061224492 -0.19246491057850879 0.7093859076003772
-1.0102040816326534 -0.19246491057850879 0.6093912713792815
-0.8571428571428577 -0.19246491057850879 0.4964076190484783
-0.7040816326530615 -0.19246491057850879 0.3772291288336481
-0.5510204081632657 -0.19246491057850879 0.26126382793876257
-0.39795918367346994 -0.19246491057850879 0.1594522857198949
-0.24489795918367374 -0.19246491057850879 0.08262413202812624
-0.09183673469387799 -0.19246491057850879 0.03961761671498332
0.06122448979591777 -0.19246491057850879 0.0356093488013548
0.21428571428571397 -0.19246491057850879 0.07108980019981581
0.3673469387755097 -0.19246491057850879 0.14176463800167505
0.5204081632653055 -0.19246491057850879 0.23940929905443142
0.6734693877551017 -0.19246491057850879 0.3534419084634245
0.8265306122448974 -0.19246491057850879 0.47279924411830354
0.9795918367346932 -0.19246491057850879 0.5791932496559398
1.132653061224489 -0.19246491057850879 0.6608568531124492
1.2857142857142847 -0.19246491057850879 0.7281134373236736
1.4387755102040813 -0.19246491057850879 0.7782782371462049
1.591836734693877 -0.19246491057850879 0.8116924356153745
1.7448979591836729 -0.19246491057850879 0.8336544711952354
1.8979591836734686 -0.19246491057850879 0.8400090484364949
2.0510204081632644 -0.19246491057850879 0.8234870260048034
2.20408163265306 -0.19246491057850879 0.8092357578533741
2.357142857142856 -0.19246491057850879 0.7999819298389028
2.5102040816326525 -0.19246491057850879 0.7903747942269066
2.6632653061224483 -0.19246491057850879 0.7792475570940582
2.816326530612244 -0.19246491057850879 0.7747769392539434
2.96938775510204 -0.19246491057850879 0.7773793145803991
3.1224489795918355 -0.19246491057850879 0.7868116361977461
3.2755102040816313 -0.19246491057850879 0.8022088758297405
3.428571428571428 -0.19246491057850879 0.8222148744608392
3.5816326530612237 -0.19246491057850879 0.8451791782868973
3.7346938775510194 -0.19246491057850879 0.8693803141047795
3.887755102040815 -0.19246491057850879 0.8932339382080727
4.040816326530611 -0.19246491057850879 0.9154520399697177
4.193877551020407 -0.19246491057850879 0.9351338137294827
4.346938775510203 -0.19246491057850879 0.9517853611765489
4.499999999999999 -0.19246491057850879 0.9652795942128916

-3.0 -0.01699396748966553 0.997855228854596
-2.8469387755102042 -0.01699396748966553 0.9963114101125757
-2.693877551020408 -0.01699396748966553 0.9938240517714003
-2.5408163265306123 -0.01699396748966553 0.989932751595754
-2.3877551020408165 -0.01699396748966553 0.9840234947962359
-2.2346938775510203 -0.01699396748966553 0.97531593688863
-2.0816326530612246 -0.01699396748966553 0.9613497329877643
-1.9285714285714288 -0.01699396748966553 0.940195845756978
-1.7755102040816328 -0.01699396748966553 0.9104414575448881
-1.6224489795918369 -0.01699396748966553 0.8701985659608413
-1.4693877551020411 -0.01699396748966553 0.8179256476498317
-1.3163265306122451 -0.01699396748966553 0.7528191241795215
-1.1632653061224492 -0.01699396748966553 0.6752286061301831
-1.0102040816326534 -0.01699396748966553 0.5870119537339065
-0.8571428571428577 -0.01699396748966553 0.47968346481621227
-0.7040816326530615 -0.01699396748966553 0.3565470921414542
-0.5510204081632657 -0.01699396748966553 0.23673061785492044
-0.39795918367346994 -0.01699396748966553 0.13153794438963484
-0.24489795918367374 -0.01699396748966553 0.05215835040543437
-0.09183673469387799 -0.01699396748966553 0.007723601420983162
0.06122448979591777 -0.01699396748966553 0.0035822201138097087
0.21428571428571397 -0.01699396748966553 0.04024096682384226
0.3673469387755097 -0.01699396748966553 0.11326289511484933
0.5204081632653055 -0.01699396748966553 0.21415030652121136
0.6734693877551017 -0.01699396748966553 0.32936880543378744
0.8265306122448974 -0.01699396748966553 0.4240229507189619
0.9795918367346932 -0.01699396748966553 0.521233873249284
1.132653061224489 -0.01699396748966553 0.5972450931674239
1.2857142857142847 -0.01699396748966553 0.6639959283142645
1.4387755102040813 -0.01699396748966553 0.7120726586665058
1.591836734693877 -0.01699396748966553 0.7491169644386131
1.7448979591836729 -0.01699396748966553 0.7713258046329343
1.8979591836734686 -0.01699396748966553 0.7781190026237814
2.0510204081632644 -0.01699396748966553 0.7615121770721743
2.20408163265306 -0.01699396748966553 0.7467324908120321
2.357142857142856 -0.01699396748966553 0.7390575886940166
2.5102040816326525 -0.01699396748966553 0.7277482284862093
2.6632653061224483 -0.01699396748966553 0.718239897575482
2.816326530612244 -0.01699396748966553 0.7174901463534519
2.96938775510204 -0.01699396748966553 0.7255690902513517
3.1224489795918355 -0.01699396748966553 0.7417277345512752
3.2755102040816313 -0.01699396748966553 0.7645125102801857
3.428571428571428 -0.01699396748966553 0.791980891954062
3.5816326530612237 -0.01699396748966553 0.8219737921295363
3.7346938775510194 -0.01699396748966553 0.852391973522238
3.887755102040815 -0.01699396748966553 0.8814282231644006
4.040816326530611 -0.01699396748966553 0.9077220360234743
4.193877551020407 -0.01699396748966553 0.9304239128767958
4.346938775510203 -0.01699396748966553 0.9491761781970637
4.499999999999999 -0.01699396748966553 0.9640316960266763

-3.0 0.15847697559917773 0.997187282233112
-2.8469387755102042 0.15847697559917773 0.9951821580009128
-2.693877551020408 0.15847697559917773 0.9919657967849524
-2.5408163265306123 0.15847697559917773 0.9869564161556794
-2.3877551020408165 0.15847697559917773 0.9793835009484136
-2.2346938775510203 0.15847697559917773 0.9682753554353266
-2.0816326530612246 0.15847697559917773 0.9524727731840861
-1.9285714285714288 0.15847697559917773 0.9306810387968748
-1.7755102040816328 0.15847697559917773 0.9003058818267374
-1.6224489795918369 0.15847697559917773 0.8557696328156181
-1.4693877551020411 0.15847697559917773 0.7980514721219133
-1.3163265306122451 0.15847697559917773 0.7263335970722185
-1.1632653061224492 0.15847697559917773 0.6410788210064834
-1.0102040816326534 0.15847697559917773 0.5444107194704162
-0.8571428571428577 0.15847697559917773 0.440313646147363
-0.7040816326530615 0.15847697559917773 0.33455410724908263
-0.5510204081632657 0.15847697559917773 0.23426660265388366
-0.39795918367346994 0.15847697559917773 0.14721561578838038
-0.24489795918367374 0.15847697559917773 0.07284592771960297
-0.09183673469387799 0.15847697559917773 0.02938101088532652
0.06122448979591777 0.15847697559917773 0.025330019303078433
0.21428571428571397 0.15847697559917773 0.054081029596052654
0.3673469387755097 0.15847697559917773 0.10546027121734136
0.5204081632653055 0.15847697559917773 0.18126729085966797
0.6734693877551017 0.15847697559917773 0.27476048533754927
0.8265306122448974 0.15847697559917773 0.36694007865575806
0.9795918367346932 0.15847697559917773 0.44503220928390386
1.132653061224489 0.15847697559917773 0.5263532087864045
1.2857142857142847 0.15847697559917773 0.5854744618799697
1.4387755102040813 0.15847697559917773 0.6396851332091683
1.591836734693877 0.15847697559917773 0.6745014174548714
1.7448979591836729 0.15847697559917773 0.696716144091937
1.8979591836734686 0.15847697559917773 0.7021973704116684
2.0510204081632644 0.15847697559917773 0.6866010572672933
2.20408163265306 0.15847697559917773 0.6729578508927754
2.357142857142856 0.15847697559917773 0.668897964284997
2.5102040816326525 0.15847697559917773 0.6549427946565142
2.6632653061224483 0.15847697559917773 0.6490488672288476
2.816326530612244 0.15847697559917773 0.6541820611539502
2.96938775510204 0.15847697559917773 0.6698633736648625
3.1224489795918355 0.15847697559917773 0.69465893124715
3.2755102040816313 0.15847697559917773 0.7263962438084224
3.428571428571428 0.15847697559917773 0.7624777980111774
3.5816326530612237 0.15847697559917773 0.8002293476589095
3.7346938775510194 0.15847697559917773 0.8372187098376218
3.887755102040815 0.15847697559917773 0.8714942365037799
4.040816326530611 0.15847697559917773 0.9017152702694123
4.193877551020407 0.15847697559917773 0.9271725991269071
4.346938775510203 0.15847697559917773 0.9477183969635148
4.499999999999999 0.15847697559917773 0.9636379548874976

-3.0 0.33394791868802054 0.9965039687848596
-2.8469387755102042 0.33394791868802054 0.994035848288351
-2.693877551020408 0.33394791868802054 0.9900942827980616
-2.5408163265306123 0.33394791868802054 0.9839827840615359
-2.3877551020408165 0.33394791868802054 0.9747854049010357
-2.2346938775510203 0.33394791868802054 0.9613561107326841
-2.0816326530612246 0.33394791868802054 0.9423401481900494
-1.9285714285714288 0.33394791868802054 0.9162412712385165
-1.7755102040816328 0.33394791868802054 0.8815457915097933
-1.6224489795918369 0.33394791868802054 0.8369072050135807
-1.4693877551020411 0.33394791868802054 0.7813835094521501
-1.3163265306122451 0.33394791868802054 0.7130445422686811
-1.1632653061224492 0.33394791868802054 0.6243297617563065
-1.0102040816326534 0.33394791868802054 0.5240121128835793
-0.8571428571428577 0.33394791868802054 0.416310579996382
-0.7040816326530615 0.33394791868802054 0.3072691142510856
-0.5510204081632657 0.33394791868802054 0.20430965024392644
-0.39795918367346994 0.33394791868802054 0.1154539649082359
-0.24489795918367374 0.33394791868802054 0.048314178704986
-0.09183673469387799 0.33394791868802054 0.00902301679559736
0.06122448979591777 0.33394791868802054 0.0013108177337396443
0.21428571428571397 0.33394791868802054 0.025921554327576035
0.3673469387755097 0.33394791868802054 0.08049450102941857
0.5204081632653055 0.33394791868802054 0.13896607989536514
0.6734693877551017 0.33394791868802054 0.20683694255381668
0.8265306122448974 0.33394791868802054 0.2886742045072578
0.9795918367346932 0.33394791868802054 0.37555747543248585
1.132653061224489 0.33394791868802054 0.4380820309628022
1.2857142857142847 0.33394791868802054 0.5061575665665952
1.4387755102040813 0.33394791868802054 0.5496827796680508
1.591836734693877 0.33394791868802054 0.5865069200847977
1.7448979591836729 0.33394791868802054 0.608782632452704
1.8979591836734686 0.33394791868802054 0.6134755451263341
2.0510204081632644 0.33394791868802054 0.5994372259203349
2.20408163265306 0.33394791868802054 0.5892574282898604
2.357142857142856 0.33394791868802054 0.5863360558711166
2.5102040816326525 0.33394791868802054 0.5732194088099678
2.6632653061224483 0.33394791868802054 0.573413630641614
2.816326530612244 0.33394791868802054 0.5869005567880847
2.96938775510204 0.33394791868802054 0.6124323083093592
3.1224489795918355 0.33394791868802054 0.6477217383653735
3.2755102040816313 0.33394791868802054 0.6897802494167367
3.428571428571428 0.33394791868802054 0.7353338709117441
3.5816326530612237 0.33394791868802054 0.7812376357349402
3.7346938775510194 0.33394791868802054 0.8248169139714862
3.887755102040815 0.33394791868802054 0.8640882331315397
4.040816326530611 0.33394791868802054 0.8978432034788069
4.193877551020407 0.33394791868802054 0.9256085892914246
4.346938775510203 0.33394791868802054 0.9475163966331049
4.499999999999999 0.33394791868802054 0.9641268249670203

-3.0 0.5094188617768638 0.9958816012454983
-2.8469387755102042 0.5094188617768638 0.9930024057262613
-2.693877551020408 0.5094188617768638 0.9884246805620753
-2.5408163265306123 0.5094188617768638 0.9813584906061829
-2.3877551020408165 0.5094188617768638 0.9707724087056622
-2.2346938775510203 0.5094188617768638 0.9553862386400422
-2.0816326530612246 0.5094188617768638 0.9337007651137839
-1.9285714285714288 0.5094188617768638 0.9040793626788686
-1.7755102040816328 0.5094188617768638 0.864892500217267
-1.6224489795918369 0.5094188617768638 0.8147276025627674
-1.4693877551020411 0.5094188617768638 0.7526534552804272
-1.3163265306122451 0.5094188617768638 0.6785119481395554
-1.1632653061224492 0.5094188617768638 0.5931936826873574
-1.0102040816326534 0.5094188617768638 0.4988423057072917
-0.8571428571428577 0.5094188617768638 0.3989301016876413
-0.7040816326530615 0.5094188617768638 0.29815789658074354
-0.5510204081632657 0.5094188617768638 0.20215648499877303
-0.39795918367346994 0.5094188617768638 0.11700166777207244
-0.24489795918367374 0.5094188617768638 0.04859394796461558
-0.09183673469387799 0.5094188617768638 0.001987918753785789
0.06122448979591777 0.5094188617768638 0.0
0.21428571428571397 0.5094188617768638 0.0
0.3673469387755097 0.5094188617768638 0.019091178776134865
0.5204081632653055 0.5094188617768638 0.07561268131810173
0.6734693877551017 0.5094188617768638 0.15190758277019767
0.8265306122448974 0.5094188617768638 0.21572812983851253
0.9795918367346932 0.5094188617768638 0.28278759526199015
1.132653061224489 0.5094188617768638 0.3582644181366166
1.2857142857142847 0.5094188617768638 0.40674865673104144
1.4387755102040813 0.5094188617768638 0.45788985060863363
1.591836734693877 0.5094188617768638 0.49086044393307093
1.7448979591836729 0.5094188617768638 0.5100783069239937
1.8979591836734686 0.5094188617768638 0.5148618210071386
2.0510204081632644 0.5094188617768638 0.5020504017885475
2.20408163265306 0.5094188617768638 0.4982614747118449
2.357142857142856 0.5094188617768638 0.49194861854314254
2.5102040816326525 0.5094188617768638 0.48487646240592286
2.6632653061224483 0.5094188617768638 0.49398839858561583
2.816326530612244 0.5094188617768638 0.5184350442417258
2.96938775510204 0.5094188617768638 0.5559881124874069
3.1224489795918355 0.5094188617768638 0.6033754050026732
3.2755102040816313 0.5094188617768638 0.6567504257996091
3.428571428571428 0.5094188617768638 0.7122033766179224
3.5816326530612237 0.5094188617768638 0.7662203507285364
3.7346938775510194 0.5094188617768638 0.8160189755447591
3.887755102040815 0.5094188617768638 0.8597235765608329
4.040816326530611 0.5094188617768638 0.8963804606129399
4.193877551020407 0.5094188617768638 0.9258444002021432
4.346938775510203 0.5094188617768638 0.9485847954352848
4.499999999999999 0.5094188617768638 0.965463008345475

-3.0 0.684889804865707 0.9954018256648987
-2.8469387755102042 0.684889804865707 0.9922186888618372
-2.693877551020408 0.684889804865707 0.9871801190694703
-2.5408163265306123 0.684889804865707 0.9794373508955893
-2.3877551020408165 0.684889804865707 0.9678901704714957
-2.2346938775510203 0.684889804865707 0.9511841565204353
-2.0816326530612246 0.684889804865707 0.9277484017848463
-1.9285714285714288 0.684889804865707 0.895888673231277
-1.7755102040816328 0.684889804865707 0.8539463662839849
-1.6224489795918369 0.684889804865707 0.8005240168583957
-1.4693877551020411 0.684889804865707 0.7347638443892825
-1.3163265306122451 0.684889804865707 0.656648699010786
-1.1632653061224492 0.684889804865707 0.5672784415216434
-1.0102040816326534 0.684889804865707 0.46906393062959784
-0.8571428571428577 0.684889804865707 0.365780208455885
-0.7040816326530615 0.684889804865707 0.2624334486084883
-0.5510204081632657 0.684889804865707 0.1649230459673452
-0.39795918367346994 0.684889804865707 0.07951726707329632
-0.24489795918367374 0.684889804865707 0.01220083148455886
-0.09183673469387799 0.684889804865707 0.0
0.06122448979591777 0.684889804865707 0.0
0.21428571428571397 0.684889804865707 0.0
0.3673469387755097 0.684889804865707 0.0
0.5204081632653055 0.684889804865707 0.025353281697868102
0.6734693877551017 0.684889804865707 0.07254243200308441
0.8265306122448974 0.684889804865707 0.13806223690724329
0.9795918367346932 0.684889804865707 0.20417207837383833
1.132653061224489 0.684889804865707 0.2557657926028344
1.2857142857142847 0.684889804865707 0.3165493349287607
1.4387755102040813 0.684889804865707 0.35230456910478214
1.591836734693877 0.684889804865707 0.38523846577937904
1.7448979591836729 0.684889804865707 0.4064749529547823
1.8979591836734686 0.684889804865707 0.4100586252201893
2.0510204081632644 0.684889804865707 0.3979370148389736
2.20408163265306 0.684889804865707 0.40388929475071955
2.357142857142856 0.684889804865707 0.3910792430612391
2.5102040816326525 0.684889804865707 0.3932478801252298
2.6632653061224483 0.684889804865707 0.4142569454775037
2.816326530612244 0.684889804865707 0.45216684235470195
2.96938775510204 0.684889804865707 0.503596536811452
3.1224489795918355 0.684889804865707 0.5642206843542033
3.2755102040816313 0.684889804865707 0.6293672910896226
3.428571428571428 0.684889804865707 0.6946019943429615
3.5816326530612237 0.684889804865707 0.7561998486005606
3.7346938775510194 0.684889804865707 0.811441086610043
3.887755102040815 0.684889804865707 0.8587119327785958
4.040816326530611 0.684889804865707 0.8974326292018635
4.193877551020407 0.684889804865707 0.9278629657449307
4.346938775510203 0.684889804865707 0.9508467017112019
4.499999999999999 0.684889804865707 0.9675516686209302

-3.0 0.8603607479545503 0.9943552431292338
-2.8469387755102042 0.8603607479545503 0.9908183229600324
-2.693877551020408 0.8603607479545503 0.9854140802812001
-2.5408163265306123 0.8603607479545503 0.9773702029281582
-2.3877551020408165 0.8603607479545503 0.9657103908676073
-2.2346938775510203 0.8603607479545503 0.9492566139147589
-2.0816326530612246 0.8603607479545503 0.9253739685482484
-1.9285714285714288 0.8603607479545503 0.8929003988606229
-1.7755102040816328 0.8603607479545503 0.8503594752375875
-1.6224489795918369 0.8603607479545503 0.7964484311094756
-1.4693877551020411 0.8603607479545503 0.7304349721348494
-1.3163265306122451 0.8603607479545503 0.6524506307523938
-1.1632653061224492 0.8603607479545503 0.5637521258194885
-1.0102040816326534 0.8603607479545503 0.46689346638286655
-0.8571428571428577 0.8603607479545503 0.3657528138714524
-0.7040816326530615 0.8603607479545503 0.2653728824418604
-0.5510204081632657 0.8603607479545503 0.17160165132187577
-0.39795918367346994 0.8603607479545503 0.09055726933696506
-0.24489795918367374 0.8603607479545503 0.027979666815870052
-0.09183673469387799 0.8603607479545503 0.0
0.06122448979591777 0.8603607479545503 0.0
0.21428571428571397 0.8603607479545503 0.0
0.3673469387755097 0.8603607479545503 0.0
0.5204081632653055 0.8603607479545503 0.0
0.6734693877551017 0.8603607479545503 0.02465723200044423
0.8265306122448974 0.8603607479545503 0.06020539678769088
0.9795918367346932 0.8603607479545503 0.11093963945457619
1.132653061224489 0.8603607479545503 0.17143393457182055
1.2857142857142847 0.8603607479545503 0.2076717021308052
1.4387755102040813 0.8603607479545503 0.2523922772346707
1.591836734693877 0.8603607479545503 0.27637926533518686
1.7448979591836729 0.8603607479545503 0.2910933932785509
1.8979591836734686 0.8603607479545503 0.2939845458966085
2.0510204081632644 0.8603607479545503 0.29198866597695017
2.20408163265306 0.8603607479545503 0.29537974001278045
2.357142857142856 0.8603607479545503 0.28779159540251154
2.5102040816326525 0.8603607479545503 0.30256396297337296
2.6632653061224483 0.8603607479545503 0.3383215431046852
2.816326530612244 0.8603607479545503 0.39181608828495196
2.96938775510204 0.8603607479545503 0.45841306179116337
3.1224489795918355 0.8603607479545503 0.5327527465184315
3.2755102040816313 0.8603607479545503 0.6094553846466051
3.428571428571428 0.8603607479545503 0.6837431995178558
3.5816326530612237 0.8603607479545503 0.7518842045457972
3.7346938775510194 0.8603607479545503 0.8114119045227459
3.887755102040815 0.8603607479545503 0.8611264754712301
4.040816326530611 0.8603607479545503 0.9009236582739962
4.193877551020407 0.8603607479545503 0.9315196788220168
4.346938775510203 0.8603607479545503 0.9541428630768491
4.499999999999999 0.8603607479545503 0.9702495591678991

-3.0 1.0358316910433936 0.9932478760665576
-2.8469387755102042 1.0358316910433936 0.9890993369321875
-2.693877551020408 1.0358316910433936 0.9828129847790049
-2.5408163265306123 1.0358316910433936 0.9735343209491689
-2.3877551020408165 1.0358316910433936 0.9601983885379913
-2.2346938775510203 1.0358316910433936 0.941540741201872
-2.0816326530612246 1.0358316910433936 0.9161426782161455
-1.9285714285714288 1.0358316910433936 0.8825200628370969
-1.7755102040816328 1.0358316910433936 0.839260927634257
-1.6224489795918369 1.0358316910433936 0.7852099079128301
-1.4693877551020411 1.0358316910433936 0.7196877578846604
-1.3163265306122451 1.0358316910433936 0.6427231138961282
-1.1632653061224492 1.0358316910433936 0.5552634626067623
-1.0102040816326534 1.0358316910433936 0.4593256899390573
-0.8571428571428577 1.0358316910433936 0.35804631903596895
-0.7040816326530615 1.0358316910433936 0.2555994478269331
-0.5510204081632657 1.0358316910433936 0.15696673007079798
-0.39795918367346994 1.0358316910433936 0.06756669754867428
-0.24489795918367374 1.0358316910433936 0.0
-0.09183673469387799 1.0358316910433936 0.0
0.06122448979591777 1.0358316910433936 0.0
0.21428571428571397 1.0358316910433936 0.0
0.3673469387755097 1.0358316910433936 0.0
0.5204081632653055 1.0358316910433936 0.0
0.6734693877551017 1.0358316910433936 0.0
0.8265306122448974 1.0358316910433936 0.0
0.9795918367346932 1.0358316910433936 0.0340659975558113
1.132653061224489 1.0358316910433936 0.06794864900634046
1.2857142857142847 1.0358316910433936 0.11889442429917507
1.4387755102040813 1.0358316910433936 0.13988684097557103
1.591836734693877 1.0358316910433936 0.16835466932994925
1.7448979591836729 1.0358316910433936 0.18119775303061658
1.8979591836734686 1.0358316910433936 0.1782091522770245
2.0510204081632644 1.0358316910433936 0.19019541079812863
2.20408163265306 1.0358316910433936 0.18163348674375646
2.357142857142856 1.0358316910433936 0.18708229200352655
2.5102040816326525 1.0358316910433936 0.21766882028079426
2.6632653061224483 1.0358316910433936 0.27057605452754696
2.816326530612244 1.0358316910433936 0.34110727176204025
2.96938775510204 1.0358316910433936 0.4233733180300172
3.1224489795918355 1.0358316910433936 0.5110999566318695
3.2755102040816313 1.0358316910433936 0.5984027422156695
3.428571428571428 1.0358316910433936 0.6804000350227957
3.5816326530612237 1.0358316910433936 0.7535844962278789
3.7346938775510194 1.0358316910433936 0.8159335415361205
3.887755102040815 1.0358316910433936 0.8667931356535932
4.040816326530611 1.0358316910433936 0.9066049464049932
4.193877551020407 1.0358316910433936 0.9365595189304835
4.346938775510203 1.0358316910433936 0.9582502017645794
4.499999999999999 1.0358316910433936 0.9733812525422443

-3.0 1.2113026341322368 0.9923294720442184
-2.8469387755102042 1.2113026341322368 0.9877093880374735
-2.693877551020408 1.2113026341322368 0.9807665677430196
-2.5408163265306123 1.2113026341322368 0.9706048885357043
-2.3877551020408165 1.2113026341322368 0.9561238548063352
-2.2346938775510203 1.2113026341322368 0.9360387631932747
-2.0816326530612246 1.2113026341322368 0.908937351880221
-1.9285714285714288 1.2113026341322368 0.8733810428024259
-1.7755102040816328 1.2113026341322368 0.8280539419597593
-1.6224489795918369 1.2113026341322368 0.7719548975676037
-1.4693877551020411 1.2113026341322368 0.7046178074190594
-1.3163265306122451 1.2113026341322368 0.6263345837673899
-1.1632653061224492 1.2113026341322368 0.5383460735454757
-1.0102040816326534 1.2113026341322368 0.44296151984826904
-0.8571428571428577 1.2113026341322368 0.3435692830169613
-0.7040816326530615 1.2113026341322368 0.24451190060393801
-0.5510204081632657 1.2113026341322368 0.15081679829191696
-0.39795918367346994 1.2113026341322368 0.06779764490370066
-0.24489795918367374 1.2113026341322368 0.0005662029936274182
-0.09183673469387799 1.2113026341322368 0.0
0.06122448979591777 1.2113026341322368 0.0
0.21428571428571397 1.2113026341322368 0.0
0.3673469387755097 1.2113026341322368 0.0
0.5204081632653055 1.2113026341322368 0.0
0.6734693877551017 1.2113026341322368 0.0
0.8265306122448974 1.2113026341322368 0.0
0.9795918367346932 1.2113026341322368 0.0
1.132653061224489 1.2113026341322368 0.0
1.2857142857142847 1.2113026341322368 0.009197123463194012
1.4387755102040813 1.2113026341322368 0.04839726310544801
1.591836734693877 1.2113026341322368 0.05474361082706958
1.7448979591836729 1.2113026341322368 0.06784058217874467
1.8979591836734686 1.2113026341322368 0.06964191935841002
2.0510204081632644 1.2113026341322368 0.07947927733562477
2.20408163265306 1.2113026341322368 0.07245765006719551
2.357142857142856 1.2113026341322368 0.09451919667906983
2.5102040816326525 1.2113026341322368 0.14361299499520264
2.6632653061224483 1.2113026341322368 0.21529537697179624
2.816326530612244 1.2113026341322368 0.30339325483110535
2.96938775510204 1.2113026341322368 0.40087911236051577
3.1224489795918355 1.2113026341322368 0.5007862161788865
3.2755102040816313 1.2113026341322368 0.5970009736973392
3.428571428571428 1.2113026341322368 0.6848141245813356
3.5816326530612237 1.2113026341322368 0.7611777318206696
3.7346938775510194 1.2113026341322368 0.8246813120359539
3.887755102040815 1.2113026341322368 0.8753113489453633
4.040816326530611 1.2113026341322368 0.9140846106151
4.193877551020407 1.2113026341322368 0.9426464478942949
4.346938775510203 1.2113026341322368 0.9629067403426532
4.499999999999999 1.2113026341322368 0.9767579195364477

-3.0 1.38677357722108 0.9917243941681896
-2.8469387755102042 1.38677357722108 0.9868391546287311
-2.693877551020408 1.38677357722108 0.979558968354172
-2.5408163265306123 1.38677357722108 0.968993205636599
-2.3877551020408165 1.38677357722108 0.954064762947925
-2.2346938775510203 1.38677357722108 0.9335385075893878
-2.0816326530612246 1.38677357722108 0.9060862351589274
-1.9285714285714288 1.38677357722108 0.8703944954155035
-1.7755102040816328 1.38677357722108 0.8253161810827685
-1.6224489795918369 1.38677357722108 0.770058720885197
-1.4693877551020411 1.38677357722108 0.7043919596417141
-1.3163265306122451 1.38677357722108 0.6288490501194735
-1.1632653061224492 1.38677357722108 0.544886262527422
-1.0102040816326534 1.38677357722108 0.45496505557259115
-0.8571428571428577 1.38677357722108 0.36252407935674136
-0.7040816326530615 1.38677357722108 0.2718208216295266
-0.5510204081632657 1.38677357722108 0.18507383770141383
-0.39795918367346994 1.38677357722108 0.08638596796012854
-0.24489795918367374 1.38677357722108 0.0
-0.09183673469387799 1.38677357722108 0.0
0.06122448979591777 1.38677357722108 0.0
0.21428571428571397 1.38677357722108 0.0
0.3673469387755097 1.38677357722108 0.0
0.5204081632653055 1.38677357722108 0.0
0.6734693877551017 1.38677357722108 0.0
0.8265306122448974 1.38677357722108 0.0
0.9795918367346932 1.38677357722108 0.0
1.132653061224489 1.38677357722108 0.0
1.2857142857142847 1.38677357722108 0.0
1.4387755102040813 1.38677357722108 0.0
1.591836734693877 1.38677357722108 0.0
1.7448979591836729 1.38677357722108 0.0
1.8979591836734686 1.38677357722108 0.0
2.0510204081632644 1.38677357722108 0.0
2.20408163265306 1.38677357722108 0.0
2.357142857142856 1.38677357722108 0.015750767581757086
2.5102040816326525 1.38677357722108 0.08516521049244608
2.6632653061224483 1.38677357722108 0.17619280613696942
2.816326530612244 1.38677357722108 0.28128979739864435
2.96938775510204 1.38677357722108 0.3925264662554757
3.1224489795918355 1.38677357722108 0.5025536662680699
3.2755102040816313 1.38677357722108 0.605351525104393
3.428571428571428 1.38677357722108 0.6966668013424338
3.5816326530612237 1.38677357722108 0.7741215586676309
3.7346938775510194 1.38677357722108 0.8370422794224421
3.887755102040815 1.38677357722108 0.8861008660996672
4.040816326530611 1.38677357722108 0.9228721502793898
4.193877551020407 1.38677357722108 0.9494003693028168
4.346938775510203 1.38677357722108 0.9678390556817715
4.499999999999999 1.38677357722108 0.9801958795701401

-3.0 1.5622445203099233 0.9915206214390102
-2.8469387755102042 1.5622445203099233 0.9866160670093496
-2.693877551020408 1.5622445203099233 0.9793681336018772
-2.5408163265306123 1.5622445203099233 0.9689380787312849
-2.3877551020408165 1.5622445203099233 0.9543276722313329
-2.2346938775510203 1.5622445203099233 0.9344137178020792
-2.0816326530612246 1.5622445203099233 0.9080169270366921
-1.9285714285714288 1.5622445203099233 0.8740094853893313
-1.7755102040816328 1.5622445203099233 0.8314600659198055
-1.6224489795918369 1.5622445203099233 0.7798073470227299
-1.4693877551020411 1.5622445203099233 0.7190442900418428
-1.3163265306122451 1.5622445203099233 0.6437069410915848
-1.1632653061224492 1.5622445203099233 0.5578107802098282
-1.0102040816326534 1.5622445203099233 0.4634356320924211
-0.8571428571428577 1.5622445203099233 0.3634267335069544
-0.7040816326530615 1.5622445203099233 0.26160652103849047
-0.5510204081632657 1.5622445203099233 0.16258603626409385
-0.39795918367346994 1.5622445203099233 0.07144970261340511
-0.24489795918367374 1.5622445203099233 0.0
-0.09183673469387799 1.5622445203099233 0.0
0.06122448979591777 1.5622445203099233 0.0
0.21428571428571397 1.5622445203099233 0.0
0.3673469387755097 1.5622445203099233 0.0
0.5204081632653055 1.5622445203099233 0.0
0.6734693877551017 1.5622445203099233 0.0
0.8265306122448974 1.5622445203099233 0.0
0.9795918367346932 1.5622445203099233 0.0
1.132653061224489 1.5622445203099233 0.0
1.2857142857142847 1.5622445203099233 0.0
1.4387755102040813 1.5622445203099233 0.0
1.591836734693877 1.5622445203099233 0.0
1.7448979591836729 1.5622445203099233 0.0
1.8979591836734686 1.5622445203099233 0.0
2.0510204081632644 1.5622445203099233 0.0
2.20408163265306 1.5622445203099233 0.0
2.357142857142856 1.5622445203099233 0.0
2.5102040816326525 1.5622445203099233 0.04630732143813887
2.6632653061224483 1.5622445203099233 0.15600840281188233
2.816326530612244 1.5622445203099233 0.27637573991889175
2.96938775510204 1.5622445203099233 0.3989183973138044
3.1224489795918355 1.5622445203099233 0.5162743972608779
3.2755102040816313 1.5622445203099233 0.6228535408707849
3.428571428571428 1.5622445203099233 0.7151171427995595
3.5816326530612237 1.5622445203099233 0.7915183096332398
3.7346938775510194 1.5622445203099233 0.8521862468340888
3.887755102040815 1.5622445203099233 0.8984670298902605
4.040816326530611 1.5622445203099233 0.9324314407893213
4.193877551020407 1.5622445203099233 0.9564360202323925
4.346938775510203 1.5622445203099233 0.9727882947314064
4.499999999999999 1.5622445203099233 0.9835324386254414

-3.0 1.7377154633987657 0.9912638745293213
-2.8469387755102042 1.7377154633987657 0.986259624399115
-2.693877551020408 1.7377154633987657 0.9788704019503484
-2.5408163265306123 1.7377154633987657 0.9682314966158482
-2.3877551020408165 1.7377154633987657 0.9533001844679214
-2.2346938775510203 1.7377154633987657 0.932880847562415
-2.0816326530612246 1.7377154633987657 0.9056828538133064
-1.9285714285714288 1.7377154633987657 0.8704170899604886
-1.7755102040816328 1.7377154633987657 0.8259324987731541
-1.6224489795918369 1.7377154633987657 0.7713871959432141
-1.4693877551020411 1.7377154633987657 0.7064403945529389
-1.3163265306122451 1.7377154633987657 0.6314427749629508
-1.1632653061224492 1.7377154633987657 0.5475959828764361
-1.0102040816326534 1.7377154633987657 0.4570487152957047
-0.8571428571428577 1.7377154633987657 0.362899175997348
-0.7040816326530615 1.7377154633987657 0.26908250401010037
-0.5510204081632657 1.7377154633987657 0.18013671581963198
-0.39795918367346994 1.7377154633987657 0.1008598162104345
-0.24489795918367374 1.7377154633987657 0.035890713838124255
-0.09183673469387799 1.7377154633987657 0.0
0.06122448979591777 1.7377154633987657 0.0
0.21428571428571397 1.7377154633987657 0.0
0.3673469387755097 1.7377154633987657 0.0
0.5204081632653055 1.7377154633987657 0.0
0.6734693877551017 1.7377154633987657 0.0
0.8265306122448974 1.7377154633987657 0.0
0.9795918367346932 1.7377154633987657 0.0
1.132653061224489 1.7377154633987657 0.0
1.2857142857142847 1.7377154633987657 0.0
1.4387755102040813 1.7377154633987657 0.0
1.591836734693877 1.7377154633987657 0.0
1.7448979591836729 1.7377154633987657 0.0
1.8979591836734686 1.7377154633987657 0.0
2.0510204081632644 1.7377154633987657 0.0
2.20408163265306 1.7377154633987657 0.0
2.357142857142856 1.7377154633987657 0.0
2.5102040816326525 1.7377154633987657 0.029786307789936628
2.6632653061224483 1.7377154633987657 0.1561916098771865
2.816326530612244 1.7377154633987657 0.2890065483798029
2.96938775510204 1.7377154633987657 0.4195929435946064
3.1224489795918355 1.7377154633987657 0.540965752661194
3.2755102040816313 1.7377154633987657 0.6482753433735862
3.428571428571428 1.7377154633987657 0.7389006072039865
3.5816326530612237 1.7377154633987657 0.8122178829960678
3.7346938775510194 1.7377154633987657 0.8691577748153754
3.887755102040815 1.7377154633987657 0.9116743314339113
4.040816326530611 1.7377154633987657 0.9422341368587933
4.193877551020407 1.7377154633987657 0.9633983282365778
4.346938775510203 1.7377154633987657 0.9775314059048952
4.499999999999999 1.7377154633987657 0.9866372391302004

-3.0 1.913186406487609 0.9902822067758068
-2.8469387755102042 1.913186406487609 0.9848829123912427
-2.693877551020408 1.913186406487609 0.9770077488198795
-2.5408163265306123 1.913186406487609 0.9658093190937964
-2.3877551020408165 1.913186406487609 0.9502896416785561
-2.2346938775510203 1.913186406487609 0.9293358846043259
-2.0816326530612246 1.913186406487609 0.9017881597164026
-1.9285714285714288 1.913186406487609 0.8665429071016493
-1.7755102040816328 1.913186406487609 0.8226903546789759
-1.6224489795918369 1.913186406487609 0.7696777200197469
-1.4693877551020411 1.913186406487609 0.7074821112897076
-1.3163265306122451 1.913186406487609 0.6367699265050336
-1.1632653061224492 1.913186406487609 0.5590147573981028
-1.0102040816326534 1.913186406487609 0.4765451801018975
-0.8571428571428577 1.913186406487609 0.39249866145741275
-0.7040816326530615 1.913186406487609 0.31066843676018296
-0.5510204081632657 1.913186406487609 0.2190493666814023
-0.39795918367346994 1.913186406487609 0.11544611410490258
-0.24489795918367374 1.913186406487609 0.020921070921235296
-0.09183673469387799 1.913186406487609 0.0
0.06122448979591777 1.913186406487609 0.0
0.21428571428571397 1.913186406487609 0.0
0.3673469387755097 1.913186406487609 0.0
0.5204081632653055 1.913186406487609 0.0
0.6734693877551017 1.913186406487609 0.0
0.8265306122448974 1.913186406487609 0.0
0.9795918367346932 1.913186406487609 0.0
1.132653061224489 1.913186406487609 0.0
1.2857142857142847 1.913186406487609 0.0
1.4387755102040813 1.913186406487609 0.0
1.591836734693877 1.913186406487609 0.0
1.7448979591836729 1.913186406487609 0.0
1.8979591836734686 1.913186406487609 0.0
2.0510204081632644 1.913186406487609 0.0
2.20408163265306 1.913186406487609 0.0
2.357142857142856 1.913186406487609 0.0
2.5102040816326525 1.913186406487609 0.0367932355033882
2.6632653061224483 1.913186406487609 0.17672916647204284
2.816326530612244 1.913186406487609 0.31827180344648787
2.96938775510204 1.913186406487609 0.4530783620922674
3.1224489795918355 1.913186406487609 0.5749066843078577
3.2755102040816313 1.913186406487609 0.6798977197718544
3.428571428571428 1.913186406487609 0.7664722036845845
3.5816326530612237 1.913186406487609 0.8349430879364728
3.7346938775510194 1.913186406487609 0.8869750893853003
3.887755102040815 1.913186406487609 0.9250174941505688
4.040816326530611 1.913186406487609 0.9518062134988441
4.193877551020407 1.913186406487609 0.9699898980898095
4.346938775510203 1.913186406487609 0.9818953883881886
4.499999999999999 1.913186406487609 0.9894182797362842

-3.0 2.088657349576452 0.989700983674668
-2.8469387755102042 2.088657349576452 0.9841540983153138
-2.693877551020408 2.088657349576452 0.9761630296244596
-2.5408163265306123 2.088657349576452 0.9649411193720009
-2.3877551020408165 2.088657349576452 0.9495852144874293
-2.2346938775510203 2.088657349576452 0.9291188604188008
-2.0816326530612246 2.088657349576452 0.9025646952437042
-1.9285714285714288 2.088657349576452 0.8690471683707075
-1.7755102040816328 2.088657349576452 0.8279216120710796
-1.6224489795918369 2.088657349576452 0.7789193905380711
-1.4693877551020411 2.088657349576452 0.7222923351019639
-1.3163265306122451 2.088657349576452 0.6589343599695192
-1.1632653061224492 2.088657349576452 0.5904556286444822
-1.0102040816326534 2.088657349576452 0.508388467217028
-0.8571428571428577 2.088657349576452 0.41162834120424263
-0.7040816326530615 2.088657349576452 0.3118642453777134
-0.5510204081632657 2.088657349576452 0.21351725539402522
-0.39795918367346994 2.088657349576452 0.1215906099329227
-0.24489795918367374 2.088657349576452 0.04126752848558768
-0.09183673469387799 2.088657349576452 0.0
0.06122448979591777 2.088657349576452 0.0
0.21428571428571397 2.088657349576452 0.0
0.3673469387755097 2.088657349576452 0.0
0.5204081632653055 2.088657349576452 0.0
0.6734693877551017 2.088657349576452 0.0
0.8265306122448974 2.088657349576452 0.0
0.9795918367346932 2.088657349576452 0.0
1.132653061224489 2.088657349576452 0.0
1.2857142857142847 2.088657349576452 0.0
1.4387755102040813 2.088657349576452 0.0
1.591836734693877 2.088657349576452 0.0
1.7448979591836729 2.088657349576452 0.0
1.8979591836734686 2.088657349576452 0.0
2.0510204081632644 2.088657349576452 0.0
2.20408163265306 2.088657349576452 0.0
2.357142857142856 2.088657349576452 0.0
2.5102040816326525 2.088657349576452 0.06682128931884279
2.6632653061224483 2.088657349576452 0.21614669487039084
2.816326530612244 2.088657349576452 0.3621036943683035
2.96938775510204 2.088657349576452 0.49706634144570394
3.1224489795918355 2.088657349576452 0.6158360239960301
3.2755102040816313 2.088657349576452 0.71570586834775
3.428571428571428 2.088657349576452 0.7961717037941188
3.5816326530612237 2.088657349576452 0.8584185438038151
3.7346938775510194 2.088657349576452 0.9047217883537935
3.887755102040815 2.088657349576452 0.9378807590225806
4.040816326530611 2.088657349576452 0.9607622581443761
4.193877551020407 2.088657349576452 0.9759880631640584
4.346938775510203 2.088657349576452 0.9857637469046238
4.499999999999999 2.088657349576452 0.9918227075495264

-3.0 2.2641282926652955 0.9896007231322653
-2.8469387755102042 2.2641282926652955 0.9841749501858649
-2.693877551020408 2.2641282926652955 0.9764549335832389
-2.5408163265306123 2.2641282926652955 0.9657494426395816
-2.3877551020408165 2.2641282926652955 0.9512866209659453
-2.2346938775510203 2.2641282926652955 0.9322605357481334
-2.0816326530612246 2.2641282926652955 0.9079024348645748
-1.9285714285714288 2.2641282926652955 0.8775757565792909
-1.7755102040816328 2.2641282926652955 0.8408892223879911
-1.6224489795918369 2.2641282926652955 0.7977128639054346
-1.4693877551020411 2.2641282926652955 0.7382213512826772
-1.3163265306122451 2.2641282926652955 0.6689505478998952
-1.1632653061224492 2.2641282926652955 0.590886113025302
-1.0102040816326534 2.2641282926652955 0.5059302487518997
-0.8571428571428577 2.2641282926652955 0.416924214641452
-0.7040816326530615 2.2641282926652955 0.3275586020201766
-0.5510204081632657 2.2641282926652955 0.24216165657977118
-0.39795918367346994 2.2641282926652955 0.16537497220426067
-0.24489795918367374 2.2641282926652955 0.10174647826677952
-0.09183673469387799 2.2641282926652955 0.0
0.06122448979591777 2.2641282926652955 0.0
0.21428571428571397 2.2641282926652955 0.0
0.3673469387755097 2.2641282926652955 0.0
0.5204081632653055 2.2641282926652955 0.0
0.6734693877551017 2.2641282926652955 0.0
0.8265306122448974 2.2641282926652955 0.0
0.9795918367346932 2.2641282926652955 0.0
1.132653061224489 2.2641282926652955 0.0
1.2857142857142847 2.2641282926652955 0.0
1.4387755102040813 2.2641282926652955 0.0
1.591836734693877 2.2641282926652955 0.0
1.7448979591836729 2.2641282926652955 0.0
1.8979591836734686 2.2641282926652955 0.0
2.0510204081632644 2.2641282926652955 0.0
2.20408163265306 2.2641282926652955 0.0
2.357142857142856 2.2641282926652955 0.0
2.5102040816326525 2.2641282926652955 0.11772637881175563
2.6632653061224483 2.2641282926652955 0.2716836963410014
2.816326530612244 2.2641282926652955 0.417518561258199
2.96938775510204 2.2641282926652955 0.5486749165687181
3.1224489795918355 2.2641282926652955 0.6612009585260071
3.2755102040816313 2.2641282926652955 0.7536002877478788
3.428571428571428 2.2641282926652955 0.8263864805083214
3.5816326530612237 2.2641282926652955 0.8814853038068898
3.7346938775510194 2.2641282926652955 0.921619831019824
3.887755102040815 2.2641282926652955 0.9497789828047929
4.040816326530611 2.2641282926652955 0.9688247362984965
4.193877551020407 2.2641282926652955 0.9812509145618538
4.346938775510203 2.2641282926652955 0.9890756561328328
4.499999999999999 2.2641282926652955 0.9938332554673396

-3.0 2.4395992357541387 0.9899956278879317
-2.8469387755102042 2.4395992357541387 0.9849425123319313
-2.693877551020408 2.4395992357541387 0.9778421261942739
-2.5408163265306123 2.4395992357541387 0.9681201299574719
-2.3877551020408165 2.4395992357541387 0.955154601321617
-2.2346938775510203 2.4395992357541387 0.938321738286121
-2.0816326530612246 2.4395992357541387 0.9137686602525903
-1.9285714285714288 2.4395992357541387 0.8820874426573142
-1.7755102040816328 2.4395992357541387 0.8424393804639807
-1.6224489795918369 2.4395992357541387 0.7942556124140614
-1.4693877551020411 2.4395992357541387 0.737456657189089
-1.3163265306122451 2.4395992357541387 0.6726090122878614
-1.1632653061224492 2.4395992357541387 0.6010438851932831
-1.0102040816326534 2.4395992357541387 0.5249096296133601
-0.8571428571428577 2.4395992357541387 0.4471338177229556
-0.7040816326530615 2.4395992357541387 0.37128109409941323
-0.5510204081632657 2.4395992357541387 0.3013080969982589
-0.39795918367346994 2.4395992357541387 0.19805369807219386
-0.24489795918367374 2.4395992357541387 0.09750418635395752
-0.09183673469387799 2.4395992357541387 0.009178400933995468
0.06122448979591777 2.4395992357541387 0.0
0.21428571428571397 2.4395992357541387 0.0
0.3673469387755097 2.4395992357541387 0.0
0.5204081632653055 2.4395992357541387 0.0
0.6734693877551017 2.4395992357541387 0.0
0.8265306122448974 2.4395992357541387 0.0
0.9795918367346932 2.4395992357541387 0.0
1.132653061224489 2.4395992357541387 0.0
1.2857142857142847 2.4395992357541387 0.0
1.4387755102040813 2.4395992357541387 0.0
1.591836734693877 2.4395992357541387 0.0
1.7448979591836729 2.4395992357541387 0.0
1.8979591836734686 2.4395992357541387 0.0
2.0510204081632644 2.4395992357541387 0.0
2.20408163265306 2.4395992357541387 0.0
2.357142857142856 2.4395992357541387 0.027886981854973847
2.5102040816326525 2.4395992357541387 0.18598025249544925
2.6632653061224483 2.4395992357541387 0.33961310889706353
2.816326530612244 2.4395992357541387 0.4809523030249494
2.96938775510204 2.4395992357541387 0.604759523197653
3.1224489795918355 2.4395992357541387 0.7084178847507436
3.2755102040816313 2.4395992357541387 0.7915961818780877
3.428571428571428 2.4395992357541387 0.855690214231842
3.5816326530612237 2.4395992357541387 0.9031875492605613
3.7346938775510194 2.4395992357541387 0.937076630925314
3.887755102040815 2.4395992357541387 0.960377849527571
4.040816326530611 2.4395992357541387 0.9758281750963792
4.193877551020407 2.4395992357541387 0.9857134897267531
4.346938775510203 2.4395992357541387 0.9918193427429907
4.499999999999999 2.4395992357541387 0.995461675363527

-3.0 2.615070178842982 0.9908302850668113
-2.8469387755102042 2.615070178842982 0.9861002823214187
-2.693877551020408 2.615070178842982 0.9789697477815805
-2.5408163265306123 2.615070178842982 0.9689060654968904
-2.3877551020408165 2.615070178842982 0.9550738116297542
-2.2346938775510203 2.615070178842982 0.9365668666810721
-2.0816326530612246 2.615070178842982 0.9124763439516895
-1.9285714285714288 2.615070178842982 0.8819876568260077
-1.7755102040816328 2.615070178842982 0.8445029649876501
-1.6224489795918369 2.615070178842982 0.799779063938174
-1.4693877551020411 2.615070178842982 0.7480643893353831
-1.3163265306122451 2.615070178842982 0.6902136155813073
-1.1632653061224492 2.615070178842982 0.6277559287786469
-1.0102040816326534 2.615070178842982 0.5628948242018994
-0.8571428571428577 2.615070178842982 0.4984239340326777
-0.7040816326530615 2.615070178842982 0.4027283033862835
-0.5510204081632657 2.615070178842982 0.3051166613171633
-0.39795918367346994 2.615070178842982 0.2113174634194286
-0.24489795918367374 2.615070178842982 0.12674131690554935
-0.09183673469387799 2.615070178842982 0.05673447263975295
0.06122448979591777 2.615070178842982 0.006025196510941577
0.21428571428571397 2.615070178842982 0.0
0.3673469387755097 2.615070178842982 0.0
0.5204081632653055 2.615070178842982 0.0
0.6734693877551017 2.615070178842982 0.0
0.8265306122448974 2.615070178842982 0.0
0.9795918367346932 2.615070178842982 0.0
1.132653061224489 2.615070178842982 0.0
1.2857142857142847 2.615070178842982 0.0
1.4387755102040813 2.615070178842982 0.0
1.591836734693877 2.615070178842982 0.0
1.7448979591836729 2.615070178842982 0.0
1.8979591836734686 2.615070178842982 0.0
2.0510204081632644 2.615070178842982 0.0
2.20408163265306 2.615070178842982 0.0
2.357142857142856 2.615070178842982 0.10937514045772045
2.5102040816326525 2.615070178842982 0.26707462045341734
2.6632653061224483 2.615070178842982 0.4156540619495833
2.816326530612244 2.615070178842982 0.5486373486684695
2.96938775510204 2.615070178842982 0.6622257550842998
3.1224489795918355 2.615070178842982 0.7551090335062288
3.2755102040816313 2.615070178842982 0.8279857920089324
3.428571428571428 2.615070178842982 0.8829419738825333
3.5816326530612237 2.615070178842982 0.9228237993708227
3.7346938775510194 2.615070178842982 0.9507040870613556
3.887755102040815 2.615070178842982 0.9694941061366903
4.040816326530611 2.615070178842982 0.9817104964403676
4.193877551020407 2.615070178842982 0.9893765543259786
4.346938775510203 2.615070178842982 0.9940217481512482
4.499999999999999 2.615070178842982 0.9967406700018426

-3.0 2.7905411219318252 0.9905158174808774
-2.8469387755102042 2.7905411219318252 0.9855205266204878
-2.693877551020408 2.7905411219318252 0.9783977828919884
-2.5408163265306123 2.7905411219318252 0.9685053647919384
-2.3877551020408165 2.7905411219318252 0.9551288154625984
-2.2346938775510203 2.7905411219318252 0.9375271695911326
-2.0816326530612246 2.7905411219318252 0.9150022309303731
-1.9285714285714288 2.7905411219318252 0.8869900800113699
-1.7755102040816328 2.7905411219318252 0.8531688149033807
-1.6224489795918369 2.7905411219318252 0.8135713147434637
-1.4693877551020411 2.7905411219318252 0.7686870934524637
-1.3163265306122451 2.7905411219318252 0.7195343421725973
-1.1632653061224492 2.7905411219318252 0.664628985576105
-1.0102040816326534 2.7905411219318252 0.5865193572854408
-0.8571428571428577 2.7905411219318252 0.5026808267180216
-0.7040816326530615 2.7905411219318252 0.41646677928223397
-0.5510204081632657 2.7905411219318252 0.3320463453829211
-0.39795918367346994 2.7905411219318252 0.2541054440843553
-0.24489795918367374 2.7905411219318252 0.1874335130350523
-0.09183673469387799 2.7905411219318252 0.1146002742881298
0.06122448979591777 2.7905411219318252 0.011667468069312958
0.21428571428571397 2.7905411219318252 0.0
0.3673469387755097 2.7905411219318252 0.0
0.5204081632653055 2.7905411219318252 0.0
0.6734693877551017 2.7905411219318252 0.0
0.8265306122448974 2.7905411219318252 0.0
0.9795918367346932 2.7905411219318252 0.0
1.132653061224489 2.7905411219318252 0.0
1.2857142857142847 2.7905411219318252 0.0
1.4387755102040813 2.7905411219318252 0.0
1.591836734693877 2.7905411219318252 0.0
1.7448979591836729 2.7905411219318252 0.0
1.8979591836734686 2.7905411219318252 0.0
2.0510204081632644 2.7905411219318252 0.0
2.20408163265306 2.7905411219318252 0.046107027014105184
2.357142857142856 2.7905411219318252 0.20371957209034786
2.5102040816326525 2.7905411219318252 0.3560120304047377
2.6632653061224483 2.7905411219318252 0.49541447357784174
2.816326530612244 2.7905411219318252 0.6169661592917748
2.96938775510204 2.7905411219318252 0.718301312896212
3.1224489795918355 2.7905411219318252 0.7992859278619101
3.2755102040816313 2.7905411219318252 0.86144693329431
3.428571428571428 2.7905411219318252 0.9073384021174613
3.5816326530612237 2.7905411219318252 0.9399616499329914
3.7346938775510194 2.7905411219318252 0.9623120049681102
3.887755102040815 2.7905411219318252 0.9770795763468598
4.040816326530611 2.7905411219318252 0.9864952182814128
4.193877551020407 2.7905411219318252 0.9922910040286467
4.346938775510203 2.7905411219318252 0.9957366264159728
4.499999999999999 2.7905411219318252 0.9977156939881778

-3.0 2.9660120650206685 0.9904134709623955
-2.8469387755102042 2.9660120650206685 0.9855681730252166
-2.693877551020408 2.9660120650206685 0.978768829848066
-2.5408163265306123 2.9660120650206685 0.9694775602939407
-2.3877551020408165 2.9660120650206685 0.9571197553753613
-2.2346938775510203 2.9660120650206685 0.9411308235653
-2.0816326530612246 2.9660120650206685 0.9210210487982067
-1.9285714285714288 2.9660120650206685 0.8964553986389993
-1.7755102040816328 2.9660120650206685 0.8673411418584038
-1.6224489795918369 2.9660120650206685 0.8339121950941656
-1.4693877551020411 2.9660120650206685 0.7912505608726749
-1.3163265306122451 2.9660120650206685 0.7339305376039555
-1.1632653061224492 2.9660120650206685 0.6691622114693044
-1.0102040816326534 2.9660120650206685 0.5986848561508842
-0.8571428571428577 2.9660120650206685 0.5250954288771075
-0.7040816326530615 2.9660120650206685 0.45175142252267464
-0.5510204081632657 2.9660120650206685 0.38255391769461367
-0.39795918367346994 2.9660120650206685 0.32162329292022496
-0.24489795918367374 2.9660120650206685 0.22640110447591655
-0.09183673469387799 2.9660120650206685 0.12793883119700455
0.06122448979591777 2.9660120650206685 0.043402548433810195
0.21428571428571397 2.9660120650206685 0.0
0.3673469387755097 2.9660120650206685 0.0
0.5204081632653055 2.9660120650206685 0.0
0.6734693877551017 2.9660120650206685 0.0
0.8265306122448974 2.9660120650206685 0.0
0.9795918367346932 2.9660120650206685 0.0
1.132653061224489 2.9660120650206685 0.0
1.2857142857142847 2.9660120650206685 0.0
1.4387755102040813 2.9660120650206685 0.0
1.591836734693877 2.9660120650206685 0.0
1.7448979591836729 2.9660120650206685 0.0
1.8979591836734686 2.9660120650206685 0.0
2.0510204081632644 2.9660120650206685 0.0
2.20408163265306 2.9660120650206685 0.1531289527305536
2.357142857142856 2.9660120650206685 0.3052469805025765
2.5102040816326525 2.9660120650206685 0.4478095111350683
2.6632653061224483 2.9660120650206685 0.5748005222981174
2.816326530612244 2.9660120650206685 0.6827936706777845
2.96938775510204 2.9660120650206685 0.7707357769631918
3.1224489795918355 2.9660120650206685 0.8394626636615514
3.2755102040816313 2.9660120650206685 0.8910916597974414
3.428571428571428 2.9660120650206685 0.9284200241866313
3.5816326530612237 2.9660120650206685 0.9544207392779116
3.7346938775510194 2.9660120650206685 0.9718817474171547
3.887755102040815 2.9660120650206685 0.9831943737671187
4.040816326530611 2.9660120650206685 0.9902688000916351
4.193877551020407 2.9660120650206685 0.9945408703332719
4.346938775510203 2.9660120650206685 0.9970329439746309
4.499999999999999 2.9660120650206685 0.9984376677217928

-3.0 3.1414830081095118 0.9907286144824774
-2.8469387755102042 3.1414830081095118 0.98623704724338
-2.693877551020408 3.1414830081095118 0.9800349089874476
-2.5408163265306123 3.1414830081095118 0.9716975738631767
-2.3877551020408165 3.1414830081095118 0.9607925377343998
-2.2346938775510203 3.1414830081095118 0.946922984240032
-2.0816326530612246 3.1414830081095118 0.9297838591395983
-1.9285714285714288 3.1414830081095118 0.9092262844142385
-1.7755102040816328 3.1414830081095118 0.8792237025032923
-1.6224489795918369 3.1414830081095118 0.8408555552579291
-1.4693877551020411 3.1414830081095118 0.795425444127311
-1.3163265306122451 3.1414830081095118 0.7434558517278308
-1.1632653061224492 3.1414830081095118 0.6861493943597634
-1.0102040816326534 3.1414830081095118 0.6254289646802722
-0.8571428571428577 3.1414830081095118 0.5638902723584734
-0.7040816326530615 3.1414830081095118 0.5046550740274423
-0.5510204081632657 3.1414830081095118 0.4370121517145752
-0.39795918367346994 3.1414830081095118 0.34136263467291517
-0.24489795918367374 3.1414830081095118 0.2502009728080017
-0.09183673469387799 3.1414830081095118 0.1693949955797326
0.06122448979591777 3.1414830081095118 0.104644764309059
0.21428571428571397 3.1414830081095118 0.06082315868898158
0.3673469387755097 3.1414830081095118 0.0
0.5204081632653055 3.1414830081095118 0.0
0.6734693877551017 3.1414830081095118 0.0
0.8265306122448974 3.1414830081095118 0.0
0.9795918367346932 3.1414830081095118 0.0
1.132653061224489 3.1414830081095118 0.0
1.2857142857142847 3.1414830081095118 0.0
1.4387755102040813 3.1414830081095118 0.0
1.591836734693877 3.1414830081095118 0.0
1.7448979591836729 3.1414830081095118 0.0
1.8979591836734686 3.1414830081095118 0.0
2.0510204081632644 3.1414830081095118 0.11831491599944721
2.20408163265306 3.1414830081095118 0.2662838215841371
2.357142857142856 3.1414830081095118 0.4084546857274539
2.5102040816326525 3.1414830081095118 0.5379454371342102
2.6632653061224483 3.1414830081095118 0.6503417097963515
2.816326530612244 3.1414830081095118 0.7436462248816347
2.96938775510204 3.1414830081095118 0.8179121673658282
3.1224489795918355 3.1414830081095118 0.8746952722154617
3.2755102040816313 3.1414830081095118 0.9164590692306098
3.428571428571428 3.1414830081095118 0.9460394356126726
3.5816326530612237 3.1414830081095118 0.9662324945438028
3.7346938775510194 3.1414830081095118 0.9795276925306858
3.887755102040815 3.1414830081095118 0.9879751426295977
4.040816326530611 3.1414830081095118 0.9931571283579034
4.193877551020407 3.1414830081095118 0.9962273877123443
4.346938775510203 3.1414830081095118 0.9979849247087139
4.499999999999999 3.1414830081095118 0.9989572367857176

-3.0 3.316953951198355 0.9914207436058088
-2.8469387755102042 3.316953951198355 0.9874419073203811
-2.693877551020408 3.316953951198355 0.9820365223984441
-2.5408163265306123 3.316953951198355 0.9748898188463039
-2.3877551020408165 3.316953951198355 0.9656993799277931
-2.2346938775510203 3.316953951198355 0.9534847625691913
-2.0816326530612246 3.316953951198355 0.935047674014316
-1.9285714285714288 3.316953951198355 0.9115201177020852
-1.7755102040816328 3.316953951198355 0.8824169485374644
-1.6224489795918369 3.316953951198355 0.8475612849904325
-1.4693877551020411 3.316953951198355 0.8072048102605646
-1.3163265306122451 3.316953951198355 0.7621257286272136
-1.1632653061224492 3.316953951198355 0.7136816977241964
-1.0102040816326534 3.316953951198355 0.6637973659627443
-0.8571428571428577 3.316953951198355 0.6148734357230913
-0.7040816326530615 3.316953951198355 0.5374952350239656
-0.5510204081632657 3.316953951198355 0.453574503617698
-0.39795918367346994 3.316953951198355 0.3718015466558393
-0.24489795918367374 3.316953951198355 0.29722883567941094
-0.09183673469387799 3.316953951198355 0.23496347960366282
0.06122448979591777 3.316953951198355 0.18248177774922436
0.21428571428571397 3.316953951198355 0.07742557020961127
0.3673469387755097 3.316953951198355 0.0
0.5204081632653055 3.316953951198355 0.0
0.6734693877551017 3.316953951198355 0.0
0.8265306122448974 3.316953951198355 0.0
0.9795918367346932 3.316953951198355 0.0
1.132653061224489 3.316953951198355 0.0
1.2857142857142847 3.316953951198355 0.0
1.4387755102040813 3.316953951198355 0.0
1.591836734693877 3.316953951198355 0.0
1.7448979591836729 3.316953951198355 0.0
1.8979591836734686 3.316953951198355 0.10142430900120158
2.0510204081632644 3.316953951198355 0.24147358110588557
2.20408163265306 3.316953951198355 0.3796567242320702
2.357142857142856 3.316953951198355 0.5084827456122836
2.5102040816326525 3.316953951198355 0.6226965480508005
2.6632653061224483 3.316953951198355 0.719399713182481
2.816326530612244 3.316953951198355 0.7978234580052084
2.96938775510204 3.316953951198355 0.8588701957391216
3.1224489795918355 3.316953951198355 0.9045552519770044
3.2755102040816313 3.316953951198355 0.9374639201042863
3.428571428571428 3.316953951198355 0.960303282802202
3.5816326530612237 3.316953951198355 0.9755868480380937
3.7346938775510194 3.316953951198355 0.9854541723632808
3.887755102040815 3.316953951198355 0.9916034990567619
4.040816326530611 3.316953951198355 0.9953042651424511
4.193877551020407 3.316953951198355 0.997455783213065
4.346938775510203 3.316953951198355 0.9986644812723419
4.499999999999999 3.316953951198355 0.9993208101727488

-3.0 3.4924248942871983 0.9924041494174946
-2.8469387755102042 3.4924248942871983 0.9890362908039951
-2.693877551020408 3.4924248942871983 0.9845356632471957
-2.5408163265306123 3.4924248942871983 0.9775081704603895
-2.3877551020408165 3.4924248942871983 0.9675313444368937
-2.2346938775510203 3.4924248942871983 0.9542749498031237
-2.0816326530612246 3.4924248942871983 0.9371805054123934
-1.9285714285714288 3.4924248942871983 0.9158052431147652
-1.7755102040816328 3.4924248942871983 0.8899155394143813
-1.6224489795918369 3.4924248942871983 0.8595837558355861
-1.4693877551020411 3.4924248942871983 0.825273391057524
-1.3163265306122451 3.4924248942871983 0.7878949023021298
-1.1632653061224492 3.4924248942871983 0.7488151008596946
-1.0102040816326534 3.4924248942871983 0.6980350837172544
-0.8571428571428577 3.4924248942871983 0.6297564784410035
-0.7040816326530615 3.4924248942871983 0.5582570653997887
-0.5510204081632657 3.4924248942871983 0.4871351687042328
-0.39795918367346994 3.4924248942871983 0.4205881277374498
-0.24489795918367374 3.4924248942871983 0.3630240669911189
-0.09183673469387799 3.4924248942871983 0.3035839697490683
0.06122448979591777 3.4924248942871983 0.20399876797314864
0.21428571428571397 3.4924248942871983 0.11730504885405868
0.3673469387755097 3.4924248942871983 0.05035897743620743
0.5204081632653055 3.4924248942871983 0.008180932560461374
0.6734693877551017 3.4924248942871983 0.0
0.8265306122448974 3.4924248942871983 0.0
0.9795918367346932 3.4924248942871983 0.0
1.132653061224489 3.4924248942871983 0.0
1.2857142857142847 3.4924248942871983 0.0
1.4387755102040813 3.4924248942871983 0.0
1.591836734693877 3.4924248942871983 0.0
1.7448979591836729 3.4924248942871983 0.10351959525928078
1.8979591836734686 3.4924248942871983 0.2323587720582443
2.0510204081632644 3.4924248942871983 0.3631735351370098
2.20408163265306 3.4924248942871983 0.488165876461517
2.357142857142856 3.4924248942871983 0.6014501120620441
2.5102040816326525 3.4924248942871983 0.6993359745989904
2.6632653061224483 3.4924248942871983 0.7802516790164082
2.816326530612244 3.4924248942871983 0.8443980680798873
2.96938775510204 3.4924248942871983 0.8932544631790617
3.1224489795918355 3.4924248942871983 0.9290536939638038
3.2755102040816313 3.4924248942871983 0.9543169415643589
3.428571428571428 3.4924248942871983 0.9715012456979546
3.5816326530612237 3.4924248942871983 0.9827756871935042
3.7346938775510194 3.4924248942871983 0.9899143648743195
3.887755102040815 3.4924248942871983 0.9942784997370613
4.040816326530611 3.4924248942871983 0.9968554253168577
4.193877551020407 3.4924248942871983 0.9983255999569571
4.346938775510203 3.4924248942871983 0.9991362225523243
4.499999999999999 3.4924248942871983 0.9995682922782108

-3.0 3.6678958373760406 0.9933918223553138
-2.8469387755102042 3.6678958373760406 0.9898909364547135
-2.693877551020408 3.6678958373760406 0.9849134302207248
-2.5408163265306123 3.6678958373760406 0.9780355442068234
-2.3877551020408165 3.6678958373760406 0.9688038678722044
-2.2346938775510203 3.6678958373760406 0.9567753568034338
-2.0816326530612246 3.6678958373760406 0.9415731536868749
-1.9285714285714288 3.6678958373760406 0.922955110693678
-1.7755102040816328 3.6678958373760406 0.9008881487579281
-1.6224489795918369 3.6678958373760406 0.8756179521397092
-1.4693877551020411 3.6678958373760406 0.8477209426067758
-1.3163265306122451 3.6678958373760406 0.8166980043202774
-1.1632653061224492 3.6678958373760406 0.7667538894717287
-1.0102040816326534 3.6678958373760406 0.7111896246947065
-0.8571428571428577 3.6678958373760406 0.6520135491339993
-0.7040816326530615 3.6678958373760406 0.5919972956048887
-0.5510204081632657 3.6678958373760406 0.5345051160668136
-0.39795918367346994 3.6678958373760406 0.48320542513589215
-0.24489795918367374 3.6678958373760406 0.42024049427152865
-0.09183673469387799 3.6678958373760406 0.3288279421637845
0.06122448979591777 3.6678958373760406 0.24617284271510698
0.21428571428571397 3.6678958373760406 0.17858692285116962
0.3673469387755097 3.6678958373760406 0.13163288576062016
0.5204081632653055 3.6678958373760406 0.03304032984295946
0.6734693877551017 3.6678958373760406 0.0
0.8265306122448974 3.6678958373760406 0.0
0.9795918367346932 3.6678958373760406 0.0
1.132653061224489 3.6678958373760406 0.0
1.2857142857142847 3.6678958373760406 0.0
1.4387755102040813 3.6678958373760406 0.023441448040280477
1.591836734693877 3.6678958373760406 0.12446824834330172
1.7448979591836729 3.6678958373760406 0.2395146798016854
1.8979591836734686 3.6678958373760406 0.3600366674904243
2.0510204081632644 3.6678958373760406 0.4782473436495466
2.20408163265306 3.6678958373760406 0.58788391270601
2.357142857142856 3.6678958373760406 0.6846304281622686
2.5102040816326525 3.6678958373760406 0.7661887893832487
2.6632653061224483 3.6678958373760406 0.8320592090805492
2.816326530612244 3.6678958373760406 0.8831328698865579
2.96938775510204 3.6678958373760406 0.9212094946682196
3.1224489795918355 3.6678958373760406 0.94853633468978
3.2755102040816313 3.6678958373760406 0.9674333667306492
3.428571428571428 3.6678958373760406 0.9800340336533423
3.5816326530612237 3.6678958373760406 0.9881408618744925
3.7346938775510194 3.6678958373760406 0.9931756507985718
3.887755102040815 3.6678958373760406 0.9961953502963575
4.040816326530611 3.6678958373760406 0.9979449923905496
4.193877551020407 3.6678958373760406 0.9989246309993933
4.346938775510203 3.6678958373760406 0.9994548112153117
4.499999999999999 3.6678958373760406 0.9997322178433862

-3.0 3.843366780464884 0.9934841165518119
-2.8469387755102042 3.843366780464884 0.9901928389877473
-2.693877551020408 3.843366780464884 0.9855999610786864
-2.5408163265306123 3.843366780464884 0.979373079793803
-2.3877551020408165 3.843366780464884 0.9711759187460919
-2.2346938775510203 3.843366780464884 0.9607059385115537
-2.0816326530612246 3.843366780464884 0.9477424879163651
-1.9285714285714288 3.843366780464884 0.9322013726701877
-1.7755102040816328 3.843366780464884 0.9141889067959098
-1.6224489795918369 3.843366780464884 0.8940462503837974
-1.4693877551020411 3.843366780464884 0.8633807859448344
-1.3163265306122451 3.843366780464884 0.824439665522637
-1.1632653061224492 3.843366780464884 0.7804708580534395
-1.0102040816326534 3.843366780464884 0.7328783285409219
-0.8571428571428577 3.843366780464884 0.6837159942370619
-0.7040816326530615 3.843366780464884 0.6355847853647019
-0.5510204081632657 3.843366780464884 0.5914295673862118
-0.39795918367346994 3.843366780464884 0.5283337535944989
-0.24489795918367374 3.843366780464884 0.44695331080064515
-0.09183673469387799 3.843366780464884 0.3708695330990226
0.06122448979591777 3.843366780464884 0.30566099992742857
0.21428571428571397 3.843366780464884 0.25654562076058085
0.3673469387755097 3.843366780464884 0.16348388032027084
0.5204081632653055 3.843366780464884 0.08002199872060578
0.6734693877551017 3.843366780464884 0.019774734581219144
0.8265306122448974 3.843366780464884 0.0
0.9795918367346932 3.843366780464884 0.0
1.132653061224489 3.843366780464884 0.019509995362914534
1.2857142857142847 3.843366780464884 0.07960784870967197
1.4387755102040813 3.843366780464884 0.16295662413778633
1.591836734693877 3.843366780464884 0.262489270902431
1.7448979591836729 3.843366780464884 0.37044447012847415
1.8979591836734686 3.843366780464884 0.4793509684890629
2.0510204081632644 3.843366780464884 0.5828412012214325
2.20408163265306 3.843366780464884 0.6761804439188017
2.357142857142856 3.843366780464884 0.7564713510155031
2.5102040816326525 3.843366780464884 0.8225637430745798
2.6632653061224483 3.843366780464884 0.8747493475937511
2.816326530612244 3.843366780464884 0.9143429826962041
2.96938775510204 3.843366780464884 0.9432466868377475
3.1224489795918355 3.843366780464884 0.9635695266743587
3.2755102040816313 3.843366780464884 0.9773439742668552
3.428571428571428 3.843366780464884 0.9863495186420808
3.5816326530612237 3.843366780464884 0.9920318495676711
3.7346938775510194 3.843366780464884 0.9954937798569921
3.887755102040815 3.843366780464884 0.9975310482314305
4.040816326530611 3.843366780464884 0.998689436317386
4.193877551020407 3.843366780464884 0.999326016951887
4.346938775510203 3.843366780464884 0.9996641965611089
4.499999999999999 3.843366780464884 0.999837906116706

-3.0 4.018837723553727 0.9938214981288439
-2.8469387755102042 4.018837723553727 0.9908505716218887
-2.693877551020408 4.018837723553727 0.9867823239585589
-2.5408163265306123 4.018837723553727 0.9813719837962679
-2.3877551020408165 4.018837723553727 0.9743888857829843
-2.2346938775510203 4.018837723553727 0.9656488958576196
-2.0816326530612246 4.018837723553727 0.9550527328297908
-1.9285714285714288 4.018837723553727 0.9426258527132013
-1.7755102040816328 4.018837723553727 0.9255988609426239
-1.6224489795918369 4.018837723553727 0.900777437678838
-1.4693877551020411 4.018837723553727 0.8712365943039977
-1.3163265306122451 4.018837723553727 0.8373980928417198
-1.1632653061224492 4.018837723553727 0.8001933314791917
-1.0102040816326534 4.018837723553727 0.7610838622238927
-0.8571428571428577 4.018837723553727 0.7220080911411935
-0.7040816326530615 4.018837723553727 0.6852469195671349
-0.5510204081632657 4.018837723553727 0.625001509439552
-0.39795918367346994 4.018837723553727 0.5546540294946789
-0.24489795918367374 4.018837723553727 0.4868817556644821
-0.09183673469387799 4.018837723553727 0.4264261963150069
0.06122448979591777 4.018837723553727 0.37796749299060206
0.21428571428571397 4.018837723553727 0.29158910581303943
0.3673469387755097 4.018837723553727 0.20970396351769482
0.5204081632653055 4.018837723553727 0.14583907914231387
0.6734693877551017 4.018837723553727 0.10559356847098178
0.8265306122448974 4.018837723553727 0.09264873180491495
0.9795918367346932 4.018837723553727 0.10821264678421805
1.132653061224489 4.018837723553727 0.15083421068246694
1.2857142857142847 4.018837723553727 0.21662629305804193
1.4387755102040813 4.018837723553727 0.29985045009879896
1.591836734693877 4.018837723553727 0.39374133537993883
1.7448979591836729 4.018837723553727 0.4914069458891406
1.8979591836734686 4.018837723553727 0.5866402248316162
2.0510204081632644 4.018837723553727 0.6745147432496201
2.20408163265306 4.018837723553727 0.7516982661932827
2.357142857142856 4.018837723553727 0.8164841818411297
2.5102040816326525 4.018837723553727 0.8685947920346975
2.6632653061224483 4.018837723553727 0.9088415414028348
2.816326530612244 4.018837723553727 0.9387329894837086
2.96938775510204 4.018837723553727 0.960106537871729
3.1224489795918355 4.018837723553727 0.9748335424864539
3.2755102040816313 4.018837723553727 0.9846188867876942
3.428571428571428 4.018837723553727 0.9908925085651022
3.5816326530612237 4.018837723553727 0.9947753753430434
3.7346938775510194 4.018837723553727 0.9970962665909691
3.887755102040815 4.018837723553727 0.9984364790363774
4.040816326530611 4.018837723553727 0.9991843647301646
4.193877551020407 4.018837723553727 0.9995877756825564
4.346938775510203 4.018837723553727 0.9997981556769024
4.499999999999999 4.018837723553727 0.9999042486749673

-3.0 4.19430866664257 0.9943660714486415
-2.8469387755102042 4.19430866664257 0.9917915171451062
-2.693877551020408 4.19430866664257 0.9883328490182312
-2.5408163265306123 4.19430866664257 0.9838222878851128
-2.3877551020408165 4.19430866664257 0.9781163505229404
-2.2346938775510203 4.19430866664257 0.9711216245070559
-2.0816326530612246 4.19430866664257 0.9623280747070851
-1.9285714285714288 4.19430866664257 0.9478607348076029
-1.7755102040816328 4.19430866664257 0.9297796225257229
-1.6224489795918369 4.19430866664257 0.9079735696218801
-1.4693877551020411 4.19430866664257 0.8826418765523181
-1.3163265306122451 4.19430866664257 0.8543652884595369
-1.1632653061224492 4.19430866664257 0.8241397012268289
-1.0102040816326534 4.19430866664257 0.7933564392567145
-0.8571428571428577 4.19430866664257 0.7637199195426607
-0.7040816326530615 4.19430866664257 0.7086385818135401
-0.5510204081632657 4.19430866664257 0.6495379000718124
-0.39795918367346994 4.19430866664257 0.5910200690370183
-0.24489795918367374 4.19430866664257 0.5369638935407791
-0.09183673469387799 4.19430866664257 0.49139615415342364
0.06122448979591777 4.19430866664257 0.4127255428034675
0.21428571428571397 4.19430866664257 0.33542021183382453
0.3673469387755097 4.19430866664257 0.2713843968901012
0.5204081632653055 4.19430866664257 0.22608168024385922
0.6734693877551017 4.19430866664257 0.20358925920332316
0.8265306122448974 4.19430866664257 0.20599285343121299
0.9795918367346932 4.19430866664257 0.23306768780285037
1.132653061224489 4.19430866664257 0.2823131619286766
1.2857142857142847 4.19430866664257 0.34933379719943314
1.4387755102040813 4.19430866664257 0.4284860468449825
1.591836734693877 4.19430866664257 0.5136591513456916
1.7448979591836729 4.19430866664257 0.599040987062462
1.8979591836734686 4.19430866664257 0.6797386473462594
2.0510204081632644 4.19430866664257 0.7521696966218826
2.20408163265306 4.19430866664257 0.814198333510287
2.357142857142856 4.19430866664257 0.8650446447118457
2.5102040816326525 4.19430866664257 0.9050322907595982
2.6632653061224483 4.19430866664257 0.9352548676078148
2.816326530612244 4.19430866664257 0.9572354796106503
2.96938775510204 4.19430866664257 0.9726343725875594
3.1224489795918355 4.19430866664257 0.9830342706261744
3.2755102040816313 4.19430866664257 0.9898097466371432
3.428571428571428 4.19430866664257 0.9940701630682547
3.5816326530612237 4.19430866664257 0.9966569271497351
3.7346938775510194 4.19430866664257 0.9981740274179722
3.887755102040815 4.19430866664257 0.9990337533859056
4.040816326530611 4.19430866664257 0.9995046330366226
4.193877551020407 4.19430866664257 0.999753956772324
4.346938775510203 4.19430866664257 0.9998816028868723
4.499999999999999 4.19430866664257 0.9999448029163667

-3.0 4.369779609731413 0.9950596494640448
-2.8469387755102042 4.369779609731413 0.9929180948427034
-2.693877551020408 4.369779609731413 0.990096406412294
-2.5408163265306123 4.369779609731413 0.9864890503400465
-2.3877551020408165 4.369779609731413 0.9820183597802217
-2.2346938775510203 4.369779609731413 0.9745264305425482
-2.0816326530612246 4.369779609731413 0.9643955489443768
-1.9285714285714288 4.369779609731413 0.9515749645225563
-1.7755102040816328 4.369779609731413 0.9359105175933404
-1.6224489795918369 4.369779609731413 0.9174618473940922
-1.4693877551020411 4.369779609731413 0.8965634831868938
-1.3163265306122451 4.369779609731413 0.8738625073119419
-1.1632653061224492 4.369779609731413 0.8503193488032074
-1.0102040816326534 4.369779609731413 0.823825007025055
-0.8571428571428577 4.369779609731413 0.7787708419953898
-0.7040816326530615 4.369779609731413 0.7304791349442618
-0.5510204081632657 4.369779609731413 0.6814377286194757
-0.39795918367346994 4.369779609731413 0.6347012311562735
-0.24489795918367374 4.369779609731413 0.5935997188814772
-0.09183673469387799 4.369779609731413 0.5234132579489335
0.06122448979591777 4.369779609731413 0.45292178927391724
0.21428571428571397 4.369779609731413 0.3915817950079503
0.3673469387755097 4.369779609731413 0.3444583278418647
0.5204081632653055 4.369779609731413 0.31570442723488656
0.6734693877551017 4.369779609731413 0.30795796050158664
0.8265306122448974 4.369779609731413 0.32194246574791285
0.9795918367346932 4.369779609731413 0.356355687277348
1.132653061224489 4.369779609731413 0.4080695958587335
1.2857142857142847 4.369779609731413 0.47259932538240423
1.4387755102040813 4.369779609731413 0.5447436253409453
1.591836734693877 4.369779609731413 0.6192703392654969
1.7448979591836729 4.369779609731413 0.6915230562008978
1.8979591836734686 4.369779609731413 0.7578558235740481
2.0510204081632644 4.369779609731413 0.8158504468225767
2.20408163265306 4.369779609731413 0.8643210007511473
2.357142857142856 4.369779609731413 0.9031499352652509
2.5102040816326525 4.369779609731413 0.9330219467260013
2.6632653061224483 4.369779609731413 0.9551243815019488
2.816326530612244 4.369779609731413 0.9708704553707095
2.96938775510204 4.369779609731413 0.9816809787991527
3.1224489795918355 4.369779609731413 0.9888386646625257
3.2755102040816313 4.369779609731413 0.9934116696200392
3.428571428571428 4.369779609731413 0.9962322688690353
3.5816326530612237 4.369779609731413 0.9979124842574204
3.7346938775510194 4.369779609731413 0.9988794662635262
3.887755102040815 4.369779609731413 0.99941727260515
4.040816326530611 4.369779609731413 0.9997064032419781
4.193877551020407 4.369779609731413 0.9998566880526009
4.346938775510203 4.369779609731413 0.9999322266644096
4.499999999999999 4.369779609731413 0.9999689486386234

-3.0 4.5452505528202565 0.9958339692437462
-2.8469387755102042 4.5452505528202565 0.9941243543761408
-2.693877551020408 4.5452505528202565 0.9919157622132068
-2.5408163265306123 4.5452505528202565 0.9884286206350613
-2.3877551020408165 4.5452505528202565 0.9832152120649801
-2.2346938775510203 4.5452505528202565 0.9763082168755112
-2.0816326530612246 4.5452505528202565 0.9674590069880826
-1.9285714285714288 4.5452505528202565 0.9565074353089998
-1.7755102040816328 4.5452505528202565 0.9434346605170313
-1.6224489795918369 4.5452505528202565 0.9284125420399519
-1.4693877551020411 4.5452505528202565 0.9118393776035346
-1.3163265306122451 4.5452505528202565 0.8943514557167381
-1.1632653061224492 4.5452505528202565 0.8709311682042656
-1.0102040816326534 4.5452505528202565 0.8358425898471064
-0.8571428571428577 4.5452505528202565 0.7974410084353742
-0.7040816326530615 4.5452505528202565 0.7575096376148633
-0.5510204081632657 4.5452505528202565 0.7183632261919632
-0.39795918367346994 4.5452505528202565 0.6826517111800241
-0.24489795918367374 4.5452505528202565 0.6213937620868155
-0.09183673469387799 4.5452505528202565 0.5591440866517962
0.06122448979591777 4.5452505528202565 0.502662854461904
0.21428571428571397 4.5452505528202565 0.4564363004924492
0.3673469387755097 4.5452505528202565 0.424433755549107
0.5204081632653055 4.5452505528202565 0.40954676399109624
0.6734693877551017 4.5452505528202565 0.4131582276741489
0.8265306122448974 4.5452505528202565 0.434930515783415
0.9795918367346932 4.5452505528202565 0.47285752610157905
1.132653061224489 4.5452505528202565 0.5235695750398208
1.2857142857142847 4.5452505528202565 0.5828269094602077
1.4387755102040813 4.5452505528202565 0.6461017563879288
1.591836734693877 4.5452505528202565 0.7091387613787392
1.7448979591836729 4.5452505528202565 0.7683999692679789
1.8979591836734686 4.5452505528202565 0.8213361461485724
2.0510204081632644 4.5452505528202565 0.8664696140878846
2.20408163265306 4.5452505528202565 0.9033128337028558
2.357142857142856 4.5452505528202565 0.9321729573533227
2.5102040816326525 4.5452505528202565 0.9539019820543022
2.6632653061224483 4.5452505528202565 0.9696466279539452
2.816326530612244 4.5452505528202565 0.980636807672279
2.96938775510204 4.5452505528202565 0.9880328070121019
3.1224489795918355 4.5452505528202565 0.9928343935565642
3.2755102040816313 4.5452505528202565 0.9958432019058626
3.428571428571428 4.5452505528202565 0.9976637988664523
3.5816326530612237 4.5452505528202565 0.9987279421807875
3.7346938775510194 4.5452505528202565 0.9993289594033489
3.887755102040815 4.5452505528202565 0.9996570458523756
4.040816326530611 4.5452505528202565 0.9998301878949887
4.193877551020407 4.5452505528202565 0.999918539597212
4.346938775510203 4.5452505528202565 0.9999621409438741
4.499999999999999 4.5452505528202565 0.9999829533779276

-3.0 4.7207214959091 0.9966216436574504
-2.8469387755102042 4.7207214959091 0.9951129037817463
-2.693877551020408 4.7207214959091 0.9926430491831839
-2.5408163265306123 4.7207214959091 0.989223047242081
-2.3877551020408165 4.7207214959091 0.9846380881465232
-2.2346938775510203 4.7207214959091 0.9786918511536122
-2.0816326530612246 4.7207214959091 0.9712394399842438
-1.9285714285714288 4.7207214959091 0.9622253788042809
-1.7755102040816328 4.7207214959091 0.951721467459407
-1.6224489795918369 4.7207214959091 0.9399574446231296
-1.4693877551020411 4.7207214959091 0.9273366465395145
-1.3163265306122451 4.7207214959091 0.9075926965992649
-1.1632653061224492 4.7207214959091 0.8809617815600821
-1.0102040816326534 4.7207214959091 0.8512289384691066
-0.8571428571428577 4.7207214959091 0.8196141666386088
-0.7040816326530615 4.7207214959091 0.7878034521116869
-0.5510204081632657 4.7207214959091 0.7578267760460053
-0.39795918367346994 4.7207214959091 0.705572387520094
-0.24489795918367374 4.7207214959091 0.6522325852020292
-0.09183673469387799 4.7207214959091 0.6020352937483437
0.06122448979591777 4.7207214959091 0.558789793116734
0.21428571428571397 4.7207214959091 0.5260943734765811
0.3673469387755097 4.7207214959091 0.5068449319285935
0.5204081632653055 4.7207214959091 0.5028122063268301
0.6734693877551017 4.7207214959091 0.5143730986098949
0.8265306122448974 4.7207214959091 0.5404525751916973
0.9795918367346932 4.7207214959091 0.5786885535343201
1.132653061224489 4.7207214959091 0.6257847329051394
1.2857142857142847 4.7207214959091 0.677978353341744
1.4387755102040813 4.7207214959091 0.7315311189687238
1.591836734693877 4.7207214959091 0.783155625244905
1.7448979591836729 4.7207214959091 0.8303133445733818
1.8979591836734686 4.7207214959091 0.8713551098552773
2.0510204081632644 4.7207214959091 0.9055106823621275
2.20408163265306 4.7207214959091 0.9327614705636065
2.357142857142856 4.7207214959091 0.953644739951993
2.5102040816326525 4.7207214959091 0.9690382743151045
2.6632653061224483 4.7207214959091 0.9799646646117537
2.816326530612244 4.7207214959091 0.9874393129104103
2.96938775510204 4.7207214959091 0.9923708615214997
3.1224489795918355 4.7207214959091 0.9955106556289293
3.2755102040816313 4.7207214959091 0.9974406147360663
3.428571428571428 4.7207214959091 0.9985863765824017
3.5816326530612237 4.7207214959091 0.9992435554151136
3.7346938775510194 4.7207214959091 0.9996078377125552
3.887755102040815 4.7207214959091 0.9998030301031554
4.040816326530611 4.7207214959091 0.999904152848765
4.193877551020407 4.7207214959091 0.9999548140015915
4.346938775510203 4.7207214959091 0.9999793617020691
4.499999999999999 4.7207214959091 0.9999908675102396

-3.0 4.896192438997943 0.9970018712671309
-2.8469387755102042 4.896192438997943 0.9954421016064768
-2.693877551020408 4.896192438997943 0.9932573570016627
-2.5408163265306123 4.896192438997943 0.9902938532027921
-2.3877551020408165 4.896192438997943 0.9864038887890488
-2.2346938775510203 4.896192438997943 0.9814675121300798
-2.0816326530612246 4.896192438997943 0.9754187533760569
-1.9285714285714288 4.896192438997943 0.9682732747986061
-1.7755102040816328 4.896192438997943 0.960152805174131
-1.6224489795918369 4.896192438997943 0.9513008453233717
-1.4693877551020411 4.896192438997943 0.9353454615089075
-1.3163265306122451 4.896192438997943 0.9156431903534358
-1.1632653061224492 4.896192438997943 0.8932191929810058
-1.0102040816326534 4.896192438997943 0.8688651351340119
-0.8571428571428577 4.896192438997943 0.8437589786839992
-0.7040816326530615 4.896192438997943 0.8187626093766748
-0.5510204081632657 4.896192438997943 0.7758626292097153
-0.39795918367346994 4.896192438997943 0.7314494370278755
-0.24489795918367374 4.896192438997943 0.688266710343941
-0.09183673469387799 4.896192438997943 0.6494212247081257
0.06122448979591777 4.896192438997943 0.6180263734466492
0.21428571428571397 4.896192438997943 0.596794490335731
0.3673469387755097 4.896192438997943 0.5876510818860907
0.5204081632653055 4.896192438997943 0.5914468320329755
0.6734693877551017 4.896192438997943 0.6078270573529991
0.8265306122448974 4.896192438997943 0.6352863709071546
0.9795918367346932 4.896192438997943 0.6713968816882636
1.132653061224489 4.896192438997943 0.7131619975438721
1.2857142857142847 4.896192438997943 0.7574244526934094
1.4387755102040813 4.896192438997943 0.8012520435221048
1.591836734693877 4.896192438997943 0.8422375487751561
1.7448979591836729 4.896192438997943 0.8786751004236446
1.8979591836734686 4.896192438997943 0.909605593628697
2.0510204081632644 4.896192438997943 0.9347503036275241
2.20408163265306 4.896192438997943 0.9543689192800335
2.357142857142856 4.896192438997943 0.9690836414231949
2.5102040816326525 4.896192438997943 0.9797062998901751
2.6632653061224483 4.896192438997943 0.9870943624965663
2.816326530612244 4.896192438997943 0.9920486108660971
2.96938775510204 4.896192438997943 0.9952537361762522
3.1224489795918355 4.896192438997943 0.997255229334075
3.2755102040816313 4.896192438997943 0.9984621797557663
3.428571428571428 4.896192438997943 0.9991652615753771
3.5816326530612237 4.896192438997943 0.9995610242206996
3.7346938775510194 4.896192438997943 0.9997763463278942
3.887755102040815 4.896192438997943 0.9998896031124811
4.040816326530611 4.896192438997943 0.999947206197075
4.193877551020407 4.896192438997943 0.999975540116396
4.346938775510203 4.896192438997943 0.9999890207886154
4.499999999999999 4.896192438997943 0.9999952254413902

-3.0 5.071663382086786 0.9972483987853391
-2.8469387755102042 5.071663382086786 0.9958892750530232
-2.693877551020408 5.071663382086786 0.99402411119128
-2.5408163265306123 5.071663382086786 0.9915464765657642
-2.3877551020408165 5.071663382086786 0.988363451685198
-2.2346938775510203 5.071663382086786 0.9844130279557958
-2.0816326530612246 5.071663382086786 0.9796834248355805
-1.9285714285714288 5.071663382086786 0.974231424846853
-1.7755102040816328 5.071663382086786 0.9675444241662378
-1.6224489795918369 5.071663382086786 0.9557921355055629
-1.4693877551020411 5.071663382086786 0.9415799834358127
-1.3163265306122451 5.071663382086786 0.9251010486797335
-1.1632653061224492 5.071663382086786 0.9068373742881981
-1.0102040816326534 5.071663382086786 0.8875758467230122
-0.8571428571428577 5.071663382086786 0.8668543273071939
-0.7040816326530615 5.071663382086786 0.8329698108572046
-0.5510204081632657 5.071663382086786 0.7969943098629262
-0.39795918367346994 5.071663382086786 0.7609620966653885
-0.24489795918367374 5.071663382086786 0.7273090957454507
-0.09183673469387799 5.071663382086786 0.6986162344069536
0.06122448979591777 5.071663382086786 0.6772885467800065
0.21428571428571397 5.071663382086786 0.6652240702938415
0.3673469387755097 5.071663382086786 0.6635353892065139
0.5204081632653055 5.071663382086786 0.6723803961734136
0.6734693877551017 5.071663382086786 0.6909379427785095
0.8265306122448974 5.071663382086786 0.7175335818414628
0.9795918367346932 5.071663382086786 0.7498887215400569
1.132653061224489 5.071663382086786 0.785441832677677
1.2857142857142847 5.071663382086786 0.8216791411257474
1.4387755102040813 5.071663382086786 0.8564164902377037
1.591836734693877 5.071663382086786 0.8879911587634942
1.7448979591836729 5.071663382086786 0.9153464129775463
1.8979591836734686 5.071663382086786 0.9380154079144175
2.0510204081632644 5.071663382086786 0.9560288877408771
2.20408163265306 5.071663382086786 0.9697798596712964
2.357142857142856 5.071663382086786 0.9798780148792936
2.5102040816326525 5.071663382086786 0.9870195277855793
2.6632653061224483 5.071663382086786 0.9918874855805285
2.816326530612244 5.071663382086786 0.9950879159074951
2.96938775510204 5.071663382086786 0.9971184814085104
3.1224489795918355 5.071663382086786 0.9983623451325152
3.2755102040816313 5.071663382086786 0.9990982863245654
3.428571428571428 5.071663382086786 0.9995189831902098
3.5816326530612237 5.071663382086786 0.9997514022620599
3.7346938775510194 5.071663382086786 0.9998755257801557
3.887755102040815 5.071663382086786 0.9999396180721504
4.040816326530611 5.071663382086786 0.9999716221258538
4.193877551020407 5.071663382086786 0.9999870789423779
4.346938775510203 5.071663382086786 0.99999430017411
4.499999999999999 5.071663382086786 0.9999975640384015

-3.0 5.2471343251756295 0.9975579152156551
-2.8469387755102042 5.2471343251756295 0.9964148095817271
-2.693877551020408 5.2471343251756295 0.9948782912334952
-2.5408163265306123 5.2471343251756295 0.9928801852200044
-2.3877551020408165 5.2471343251756295 0.9903689491677156
-2.2346938775510203 5.2471343251756295 0.9873226109697877
-2.0816326530612246 5.2471343251756295 0.9837618285090236
-1.9285714285714288 5.2471343251756295 0.9785880297358754
-1.7755102040816328 5.2471343251756295 0.9704601790874497
-1.6224489795918369 5.2471343251756295 0.9604623359966011
-1.4693877551020411 5.2471343251756295 0.9486587927402822
-1.3163265306122451 5.2471343251756295 0.935319544631613
-1.1632653061224492 5.2471343251756295 0.9209445194654371
-1.0102040816326534 5.2471343251756295 0.9042472456511157
-0.8571428571428577 5.2471343251756295 0.8781513739831956
-0.7040816326530615 5.2471343251756295 0.8497773845921807
-0.5510204081632657 5.2471343251756295 0.8205698902106525
-0.39795918367346994 5.2471343251756295 0.7923649588061705
-0.24489795918367374 5.2471343251756295 0.7672169815040017
-0.09183673469387799 5.2471343251756295 0.7471591370563611
0.06122448979591777 5.2471343251756295 0.7339345064168245
0.21428571428571397 5.2471343251756295 0.7287466156484179
0.3673469387755097 5.2471343251756295 0.7320787884089691
0.5204081632653055 5.2471343251756295 0.7436198761208678
0.6734693877551017 5.2471343251756295 0.7623121790964689
0.8265306122448974 5.2471343251756295 0.786511332451338
0.9795918367346932 5.2471343251756295 0.814224668162778
1.132653061224489 5.2471343251756295 0.8433802283979375
1.2857142857142847 5.2471343251756295 0.872076466084436
1.4387755102040813 5.2471343251756295 0.8987722387824086
1.591836734693877 5.2471343251756295 0.9223942077073413
1.7448979591836729 5.2471343251756295 0.9423586738989744
1.8979591836734686 5.2471343251756295 0.9585218754100208
2.0510204081632644 5.2471343251756295 0.9710832432692975
2.20408163265306 5.2471343251756295 0.9804689598625417
2.357142857142856 5.2471343251756295 0.9872195400079944
2.5102040816326525 5.2471343251756295 0.9918976141859014
2.6632653061224483 5.2471343251756295 0.9950234923623564
2.816326530612244 5.2471343251756295 0.9970387044630787
2.96938775510204 5.2471343251756295 0.9982928009879897
3.1224489795918355 5.2471343251756295 0.9990464754680338
3.2755102040816313 5.2471343251756295 0.9994840294518615
3.428571428571428 5.2471343251756295 0.999729502487448
3.5816326530612237 5.2471343251756295 0.9998626125823841
3.7346938775510194 5.2471343251756295 0.9999323954437223
3.887755102040815 5.2471343251756295 0.9999677707429433
4.040816326530611 5.2471343251756295 0.9999851142766447
4.193877551020407 5.2471343251756295 0.9999933390693159
4.346938775510203 5.2471343251756295 0.9999971123456554
4.499999999999999 5.2471343251756295 0.9999987871675166

-3.0 5.422605268264473 0.9979040736762724
-2.8469387755102042 5.422605268264473 0.9969762487232131
-2.693877551020408 5.422605268264473 0.9957551017897233
-2.5408163265306123 5.422605268264473 0.9942011795766144
-2.3877551020408165 5.422605268264473 0.992291618466241
-2.2346938775510203 5.422605268264473 0.99002901855261
-2.0816326530612246 5.422605268264473 0.9861951482983167
-1.9285714285714288 5.422605268264473 0.980710366286025
-1.7755102040816328 5.422605268264473 0.9738502140476643
-1.6224489795918369 5.422605268264473 0.9656074626545823
-1.4693877551020411 5.422605268264473 0.9561153924773955
-1.3163265306122451 5.422605268264473 0.9456734480545549
-1.1632653061224492 5.422605268264473 0.9325906004970735
-1.0102040816326534 5.422605268264473 0.9129855732052629
-0.8571428571428577 5.422605268264473 0.8911803335482338
-0.7040816326530615 5.422605268264473 0.8681534292102027
-0.5510204081632657 5.422605268264473 0.8452339820904272
-0.39795918367346994 5.422605268264473 0.8239939081329056
-0.24489795918367374 5.422605268264473 0.8060788792179192
-0.09183673469387799 5.422605268264473 0.7930011909282166
0.06122448979591777 5.422605268264473 0.785929953873472
0.21428571428571397 5.422605268264473 0.7855187757297966
0.3673469387755097 5.422605268264473 0.7918061105088774
0.5204081632653055 5.422605268264473 0.804209327044132
0.6734693877551017 5.422605268264473 0.8216137643738274
0.8265306122448974 5.422605268264473 0.8425379126322143
0.9795918367346932 5.422605268264473 0.86534081267786
1.132653061224489 5.422605268264473 0.8884315767294331
1.2857142857142847 5.422605268264473 0.9104445700261613
1.4387755102040813 5.422605268264473 0.9303553319494807
1.591836734693877 5.422605268264473 0.9475278156601913
1.7448979591836729 5.422605268264473 0.9616985041059923
1.8979591836734686 5.422605268264473 0.9729138268810669
2.0510204081632644 5.422605268264473 0.9814422685687324
2.20408163265306 5.422605268264473 0.9876817945790252
2.357142857142856 5.422605268264473 0.9920783560114208
2.5102040816326525 5.422605268264473 0.9950645299531796
2.6632653061224483 5.422605268264473 0.9970208865519332
2.816326530612244 5.422605268264473 0.9982578285801713
2.96938775510204 5.422605268264473 0.9990129479624753
3.1224489795918355 5.422605268264473 0.9994582055707487
3.2755102040816313 5.422605268264473 0.9997118793786122
3.428571428571428 5.422605268264473 0.9998515570858101
3.5816326530612237 5.422605268264473 0.9999259048260101
3.7346938775510194 5.422605268264473 0.9999641684418413
3.887755102040815 5.422605268264473 0.9999832124705466
4.040816326530611 5.422605268264473 0.9999923800310332
4.193877551020407 5.422605268264473 0.9999966490732137
4.346938775510203 5.422605268264473 0.9999985723491865
4.499999999999999 5.422605268264473 0.9999994107163702

-3.0 5.598076211353316 0.9982604724314698
-2.8469387755102042 5.598076211353316 0.9975338474826436
-2.693877551020408 5.598076211353316 0.996597801014203
-2.5408163265306123 5.598076211353316 0.9954327934464795
-2.3877551020408165 5.598076211353316 0.994033869359455
-2.2346938775510203 5.598076211353316 0.9913020949797254
-2.0816326530612246 5.598076211353316 0.9876902876295116
-1.9285714285714288 5.598076211353316 0.983098195594582
-1.7755102040816328 5.598076211353316 0.9774850928794703
-1.6224489795918369 5.598076211353316 0.9709022659740939
-1.4693877551020411 5.598076211353316 0.9635161970215768
-1.3163265306122451 5.598076211353316 0.953544771015539
-1.1632653061224492 5.598076211353316 0.9391715353602599
-1.0102040816326534 5.598076211353316 0.9228342777008471
-0.8571428571428577 5.598076211353316 0.9051609230891235
-0.7040816326530615 5.598076211353316 0.8870735872878597
-0.5510204081632657 5.598076211353316 0.8697286037729828
-0.39795918367346994 5.598076211353316 0.8544045091422882
-0.24489795918367374 5.598076211353316 0.8423506793831839
-0.09183673469387799 5.598076211353316 0.8346205270265344
0.06122448979591777 5.598076211353316 0.831919850691059
0.21428571428571397 5.598076211353316 0.834500544872741
0.3673469387755097 5.598076211353316 0.8421218484876871
0.5204081632653055 5.598076211353316 0.8540873923275667
0.6734693877551017 5.598076211353316 0.8693501466364839
0.8265306122448974 5.598076211353316 0.8866633541447354
0.9795918367346932 5.598076211353316 0.904747341341963
1.132653061224489 5.598076211353316 0.9224415397528184
1.2857142857142847 5.598076211353316 0.9388175911050853
1.4387755102040813 5.598076211353316 0.9532405615067736
1.591836734693877 5.598076211353316 0.9653775876887764
1.7448979591836729 5.598076211353316 0.9751634835394022
1.8979591836734686 5.598076211353316 0.9827388644977401
2.0510204081632644 5.598076211353316 0.988377665703374
2.20408163265306 5.598076211353316 0.9924183682609262
2.357142857142856 5.598076211353316 0.9952084355962065
2.5102040816326525 5.598076211353316 0.9970661541217031
2.6632653061224483 5.598076211353316 0.9982596260151515
2.816326530612244 5.598076211353316 0.9989997853955176
2.96938775510204 5.598076211353316 0.9994430847353325
3.1224489795918355 5.598076211353316 0.9996995789404435
3.2755102040816313 5.598076211353316 0.9998429937478737
3.428571428571428 5.598076211353316 0.9999205033474969
3.5816326530612237 5.598076211353316 0.9999610034616039
3.7346938775510194 5.598076211353316 0.9999814668775361
3.887755102040815 5.598076211353316 0.9999914667109906
4.040816326530611 5.598076211353316 0.9999961934666812
4.193877551020407 5.598076211353316 0.9999983549157752
4.346938775510203 5.598076211353316 0.9999993112018665
4.499999999999999 5.598076211353316 0.9999997205905394

